update,loss_q,loss_pi,reward,alpha,minutes,time_capped
250,0.03369515828043222,-1.3235954097509384,-0.005251791017159121,0.12531322240829468,0.9736846009890239,
500,0.04416930820792914,-1.9123053660392761,-0.00470278899713594,0.11615720391273499,1.9724864443143209,
750,0.040871127225458624,-2.298944710731506,-0.0036482880391995424,0.10771771520376205,2.9759302735328674,
1000,0.03931676706671715,-2.602739205360413,-0.005189622834819602,0.09990915656089783,3.984497606754303,
1250,0.037231223169714216,-2.8368210678100585,-0.0040722641729807945,0.09267527610063553,4.995070632298788,
1500,0.036735279105603695,-3.010766893386841,-0.0027030501603585435,0.08597033470869064,6.0065382321675616,
1750,0.030802640609443186,-3.1271841440200805,-0.003162651041573554,0.07975392788648605,7.018687780698141,
2000,0.027247100941836834,-3.1968321352005007,-0.003771601985747111,0.07398805767297745,8.030514204502106,
2250,0.023526516538113357,-3.229149275779724,-0.0030561109106056394,0.0686395987868309,9.043101267019908,
2487,,,,,,True
