dataset,model,runs,mse_mean,mae_mean,mse_in_range_mean,mse_trim_jump_mean,top1_se_share_mean,rise_se_share_mean,mse_std,mae_std,mse_in_range_std,mse_trim_jump_std,top1_se_share_std,rise_se_share_std,n_better_than_v3,name
abilene,odgraphformer_no_residual,3,1.9746414717691425,17.849345945757115,1.3715827338880229,1.2860732842809013,0.635304549858732,0.7087690444001505,0.046771742141841946,0.22697045173455538,0.026744222064181988,0.0574714305088541,0.0043672462177453235,0.016818266724565427,0,OD-GraphFormer: bỏ mục tiêu phần dư
abilene,odgraphformer_no_route,3,1.9040119684262338,16.809614153417005,1.3624806541265793,1.130933795029378,0.665077315900919,0.6495469313690166,0.015790708663346854,0.04396404225819206,0.02021803155628054,0.012685764161887082,0.0014338053778254144,0.01072739529767017,0,OD-GraphFormer: bỏ A_route
abilene,odgraphformer_no_spatial_attn,3,1.910249804959625,16.800829293252512,1.3794605124441686,1.1244424718973491,0.6660856028433276,0.637813581157002,0.028435037567633662,0.035214723196913544,0.019900782568876806,0.016994341410417967,0.0027154196891475517,0.004954713001251582,0,OD-GraphFormer: bỏ attention giữa luồng
abilene,branch_odgraphformer,3,1.9288593865451322,16.811789071539376,1.3621653656169668,1.1523991886116367,0.6685984633630261,0.650800530080651,0.015455015523645652,0.0046200997551219015,0.01624505993671197,0.01678374989219983,0.0027361307491751375,0.008094133189538432,0,OD-GraphFormer đầy đủ
abilene,rl_sac,3,1.8558656716004331,16.277417029078897,1.3335921242009,1.0189089834147667,0.6873266992176704,0.6440014459931426,0.007077109341909518,0.013786713698648966,0.006439372149233406,0.0056975190083969505,0.0010037244681542162,0.0030200445017207994,0,RL-Gate đầy đủ
sdn,odgraphformer_no_residual,3,4.8276139688106,41.504721428432305,4.748738791231708,4.748759486366427,0.29639834774275414,0.5299587290167037,0.2357659810412736,1.023521497138683,0.23754863404698834,0.2362353370503212,0.006027497320855425,0.011535298495835046,0,OD-GraphFormer: bỏ mục tiêu phần dư
sdn,odgraphformer_no_route,3,10.662932714008047,60.30897322814824,10.558869980400898,10.401037810374369,0.2632649427674279,0.6470081480990179,0.08053701985678052,0.22671060137989332,0.08002285928659564,0.06990591943031775,0.002663265318122867,0.0014229036137112748,0,OD-GraphFormer: bỏ A_route
sdn,odgraphformer_no_spatial_attn,3,10.910278020938703,61.18399339636263,10.804253285206405,10.63499236387419,0.2635857497749368,0.6659195441296032,0.066160960598211,0.18831567204396285,0.06655299041987504,0.04785879943660532,0.0039584566216957304,0.01444244036559092,0,OD-GraphFormer: bỏ attention giữa luồng
sdn,rl_sac_no_floor,3,4.528418422798134,39.09603904405284,4.4259005183743,4.389191853846733,0.3421658448997631,0.5692215955020613,0.0162723717959731,0.12070248581612453,0.016523625150984572,0.017637836680731576,0.0015145105171068018,0.0054819211509279705,0,RL-Gate: bỏ ràng buộc sàn
sdn,branch_odgraphformer,3,10.823786732063537,60.98440293556504,10.718759047858434,10.551653248615137,0.2656305682531275,0.653468604478941,0.5172167404793825,1.4264607980167274,0.5149674442874014,0.4916759040166223,0.00122086714363905,0.01292813018908067,0,OD-GraphFormer đầy đủ
sdn,rl_sac,3,4.480196253950034,38.892234487940534,4.378142004008133,4.344089959168966,0.34273429283997414,0.5839717434300823,0.03348693805469789,0.20083061450233525,0.03296962066273203,0.03573225124601732,0.002119665720671422,0.007700102234067678,0,RL-Gate đầy đủ
