dataset,run,mse,mse_ref,rel_diff,ok,selected
abilene,0,0.00184095468942896,0.0018409544512571,1.2937411889397462e-07,True,huber-global
abilene,1,0.001842384535814945,0.0018423845686546,1.7824538697925817e-08,True,huber-global
abilene,2,0.0018580917071654515,0.0018580916463943,3.270621860002817e-08,True,huber-global
geant,0,0.0007185447276135,0.0007185450444811,4.409849150254626e-07,True,huber-global
geant,1,0.0007230422324038,0.0007230426926335,6.365178992879943e-07,True,huber-global
geant,2,0.0007289364103374,0.0007289366332597,3.0581839633655565e-07,True,huber-global
sdn,0,0.0040736960659807,0.0040736960810018,3.687318047426449e-09,True,mse-perflow
sdn,1,0.0039746516823627,0.0039746517194431,9.329213033980956e-09,True,mse-perflow
sdn,2,0.0040017089658955,0.0040017089517316,3.5394851541229757e-09,True,mse-perflow
