flow,corr_ext_spike,mean_switch,mean_kl,frac_dev_01,mean_ext_weight,cluster,src,dst,y_std,y_max
0,0.0,0.012363377027213573,0.005284642800688744,0.22212908633696563,0.7946217656135559,0,1,1,0.0,0.0
1,0.2525133403681628,0.29924798011779785,0.0946916714310646,0.7359597652975691,0.7976438403129578,4,1,2,0.084588826,1.0150709
2,0.010070700664282737,0.5262259244918823,0.4254205524921417,0.8977367979882649,0.5866460204124451,1,1,3,0.2961283,1.0123329
3,0.10463815971791614,0.1557624340057373,0.06112227216362953,0.787929589270746,0.8803691267967224,2,1,4,0.103706256,0.9112122
4,0.22252298121490666,0.10075162351131439,0.01848064735531807,0.41743503772003354,0.8103401064872742,4,1,5,0.038100176,0.9977124
5,-0.13799388677818136,0.4206346571445465,0.2446913719177246,0.9094719195305951,0.7641705870628357,1,1,6,0.35089284,0.98736084
6,-0.11833128075847336,0.31367236375808716,0.11497616767883301,0.7116512992455993,0.8033315539360046,2,1,7,0.096936174,0.99380803
7,0.20553927565537108,0.14495211839675903,0.02724328823387623,0.5381391450125733,0.8394100666046143,4,1,8,0.06453455,0.9316423
8,0.15690109580893605,0.3810364902019501,0.1591935008764267,0.8818105616093881,0.830676794052124,2,1,9,0.25021148,1.00591
9,-0.06182692353919412,0.5343837141990662,0.37718912959098816,0.856663872590109,0.5859204530715942,1,1,10,0.18395728,0.9885658
10,0.24549574564593152,0.09438243508338928,0.014955714344978333,0.4308466051969824,0.8322258591651917,4,1,11,0.038006578,0.9993094
11,0.16181832948251837,0.09523335099220276,0.020468834787607193,0.5792120704107293,0.8419851660728455,4,1,12,0.041400034,0.9995642
12,-0.09658582764098182,0.21543769538402557,0.12508486211299896,0.8683989941324393,0.865331768989563,2,1,13,0.18756844,0.9990545
13,0.21238492350561872,0.441224068403244,0.13476265966892242,0.8918692372170998,0.8439145088195801,2,1,14,0.19669348,0.9562468
14,0.3181626107522368,0.0798940658569336,0.013584448955953121,0.3956412405699916,0.8352994322776794,4,2,1,0.029303785,1.0192255
15,0.0,0.015392172150313854,0.005192864686250687,0.1584241408214585,0.798443078994751,0,2,2,0.0,0.0
16,0.0823715645317577,0.15762193500995636,0.07489259541034698,0.6865046102263203,0.7943249344825745,2,2,3,0.157991,1.8941023
17,0.290916127015397,0.07491409033536911,0.014745192602276802,0.451802179379715,0.8496547937393188,4,2,4,0.034455,0.9854258
18,0.027848379526052614,0.4908401668071747,0.26802533864974976,0.8725901089689857,0.6993929743766785,1,2,5,0.24076253,1.0021721
19,-0.0014985364241316837,0.5045822262763977,0.36871615052223206,0.8985750209555742,0.6187373995780945,1,2,6,0.14804064,0.8437621
20,0.028043119544694586,0.21740281581878662,0.09449780732393265,0.8206202849958089,0.8516665697097778,2,2,7,0.09792574,1.007023
21,0.23531139592573155,0.07500188797712326,0.016862643882632256,0.5222129086336965,0.8532348275184631,4,2,8,0.039445397,0.97079843
22,0.06637678506328679,0.32265451550483704,0.16146327555179596,0.9103101424979044,0.8684121966362,2,2,9,0.24357846,1.0024173
23,0.10303263243922745,0.5561008453369141,0.2980209290981293,0.9111483654652137,0.7186019420623779,1,2,10,0.25078362,0.9876514
24,0.45821501667319453,0.06264443695545197,0.011863833293318748,0.4895222129086337,0.829149067401886,4,2,11,0.010304403,0.34835383
25,0.2549088757121231,0.08106440305709839,0.02544763684272766,0.6580050293378038,0.8663872480392456,4,2,12,0.045450248,0.98465437
26,0.15232632790153447,0.08245337009429932,0.02483344078063965,0.6119027661357921,0.8646771311759949,4,2,13,0.052324552,1.0103036
27,0.20142375021453138,0.09370363503694534,0.019121970981359482,0.5104777870913663,0.8425801396369934,4,2,14,0.042369615,0.98687756
28,0.023056329443242814,0.1479712575674057,0.10995601117610931,0.9379715004191115,0.9281802773475647,2,3,1,0.16273616,0.9475304
29,0.2518376363750359,0.09804440289735794,0.02310311794281006,0.4694048616932104,0.8186823725700378,4,3,2,0.0388855,0.6514706
30,0.0,0.012283804826438427,0.004248279146850109,0.11399832355406538,0.8003462553024292,0,3,3,0.0,0.0
31,0.06579728714491989,0.08518242835998535,0.08797262609004974,0.9295892707460185,0.9310051798820496,2,3,4,0.11926773,1.0812905
32,0.36182197804851013,0.1470668762922287,0.03368194401264191,0.6077116512992456,0.8397167921066284,4,3,5,0.058107268,0.98688525
33,0.0065732195434017905,0.27940833568573,0.13064144551753998,0.8851634534786254,0.8490526676177979,2,3,6,0.14355427,0.9687447
34,0.18259272821403452,0.14852456748485565,0.047451917082071304,0.6269907795473596,0.8391267657279968,4,3,7,0.07379401,0.94648385
35,0.0168826263959511,0.501529335975647,0.2282150536775589,0.9094719195305951,0.784436047077179,1,3,8,0.18778707,0.99406904
36,0.023263352020278766,0.24829678237438202,0.13070304691791534,0.8952221290863369,0.8603714108467102,2,3,9,0.12963039,0.9347505
37,0.0,0.015552845783531666,0.005485574249178171,0.2564962279966471,0.8355498909950256,0,3,10,0.0,0.0
38,0.03335541169309824,0.6921341419219971,0.37463369965553284,0.8868398994132439,0.6197487711906433,1,3,11,0.17059231,0.98377097
39,-0.038003492452825756,0.39099404215812683,0.18638725578784943,0.8843252305113161,0.7523229718208313,1,3,12,0.20646498,0.95568883
40,0.23849180239134463,0.07816927134990692,0.014277235604822636,0.4107292539815591,0.8384668827056885,4,3,13,0.036305107,0.37540096
41,0.10221334609748062,0.14989431202411652,0.14127995073795319,0.9580888516345348,0.9337174296379089,2,3,14,0.30672264,0.98529756
42,-0.03569406133570076,0.3457243740558624,0.18585434556007385,0.9279128248113998,0.8402686715126038,2,4,1,0.26499724,0.979925
43,0.03677352527458863,0.2209598571062088,0.14672502875328064,0.9547359597652976,0.9039432406425476,2,4,2,0.14351681,0.9119217
44,-0.009901210224291865,0.5020833611488342,0.3318405747413635,0.8935456831517183,0.6608909964561462,1,4,3,0.17361538,0.975123
45,0.0,0.013217861764132977,0.006805221550166607,0.38725901089689857,0.7854606509208679,0,4,4,0.0,0.0
46,-0.11752609669562296,0.11063128709793091,0.11958687752485275,0.9689857502095558,0.9406576752662659,2,4,5,0.12778476,1.0244619
47,0.16276761373483442,0.21477316319942474,0.06969869136810303,0.8105616093880972,0.8611182570457458,2,4,6,0.085829064,1.0022783
48,0.18770204980457114,0.508380115032196,0.2615330219268799,0.8935456831517183,0.7437315583229065,1,4,7,0.18414314,0.97457546
49,0.18110597632492376,0.39628082513809204,0.14189492166042328,0.8776194467728415,0.8361003398895264,2,4,8,0.17259972,0.9514428
50,0.05451000520245474,0.3178098499774933,0.16759854555130005,0.9044425817267393,0.8519361615180969,2,4,9,0.26703748,0.98214996
51,-0.1602485200823897,0.18893782794475555,0.08838040381669998,0.856663872590109,0.8817328214645386,2,4,10,0.1234413,0.99116355
52,0.11633180851499826,0.10482345521450043,0.055244140326976776,0.8491198658843252,0.8979219198226929,2,4,11,0.084011614,0.9727081
53,-0.20159787936279877,0.144929900765419,0.05352218449115753,0.7560771165129925,0.8665802478790283,2,4,12,0.07166666,0.89825344
54,0.35213072752008295,0.21417061984539032,0.044755417853593826,0.625314333612741,0.8153624534606934,4,4,13,0.05332499,1.0054945
55,0.011555970478463056,0.17364519834518433,0.06777965277433395,0.7770326906957251,0.8462299108505249,2,4,14,0.18342143,0.9056653
56,0.19216808476705266,0.09646991640329361,0.038642626255750656,0.5725062866722548,0.8563071489334106,4,5,1,0.059249572,0.99509
57,0.03854672398603711,0.31158286333084106,0.15308472514152527,0.9312657166806371,0.8812408447265625,2,5,2,0.15846102,1.0421115
58,0.20369402560947408,0.09674334526062012,0.023627230897545815,0.6001676445934618,0.8596357107162476,4,5,3,0.065664314,0.99975914
59,0.05669034590427688,0.08426345139741898,0.11926162242889404,0.9639564124057,0.9547280669212341,2,5,4,0.13539869,0.913163
60,0.0,0.012887878343462944,0.005380090791732073,0.24979044425817268,0.7927737832069397,0,5,5,0.0,0.0
61,0.2561852448192028,0.16789495944976807,0.0347030907869339,0.663872590108969,0.8599850535392761,4,5,6,0.056528915,0.98481363
62,0.12749732896011026,0.1423766314983368,0.07249737530946732,0.8876781223805532,0.9055235981941223,2,5,7,0.08753461,0.97590953
63,0.1619861401558693,0.39263108372688293,0.10504056513309479,0.8147527242246437,0.8292262554168701,2,5,8,0.10851629,0.96912867
64,0.04732382916074556,0.13505923748016357,0.05262291803956032,0.8382229673093042,0.8860293030738831,2,5,9,0.07366486,0.93890905
65,0.5354319196958115,0.04833967238664627,0.007888935506343842,0.3269069572506287,0.8248676657676697,4,5,10,0.0037058692,0.041526254
66,0.003967618654593533,0.12408065795898438,0.09114239364862442,0.8524727577535625,0.9007853865623474,2,5,11,0.120369405,0.99270886
67,0.0892737562705396,0.14835582673549652,0.08361855149269104,0.9069572506286673,0.907197892665863,2,5,12,0.09560988,1.0288087
68,0.2712616082666195,0.08021411299705505,0.016022086143493652,0.48197820620285,0.8494277000427246,4,5,13,0.04271733,0.97421086
69,-0.030290244343180003,0.2958289086818695,0.12291155755519867,0.8868398994132439,0.8869950175285339,2,5,14,0.15850429,0.95031404
70,0.14627746727925375,0.09001576900482178,0.11793401837348938,0.9597652975691534,0.9471642971038818,2,6,1,0.13309145,0.97750086
71,0.3518449514614445,0.08512258529663086,0.013324283994734287,0.46269907795473597,0.834585428237915,4,6,2,0.02561204,0.4719354
72,0.21561245600783294,0.083262600004673,0.03680839389562607,0.7728415758591786,0.8906078338623047,4,6,3,0.050830536,0.94767725
73,0.3492086033137189,0.08032488822937012,0.015343470498919487,0.537300922045264,0.8178755044937134,4,6,4,0.024329588,0.98794633
74,0.1820974993163361,0.5179383158683777,0.16298119723796844,0.8851634534786254,0.8004337549209595,1,6,5,0.15977284,0.9992152
75,0.0,0.009859002195298672,0.005391733255237341,0.2774518021793797,0.7911189794540405,0,6,6,0.0,0.0
76,-0.02224028047003721,0.1859821081161499,0.13513247668743134,0.9589270746018441,0.9177325963973999,2,6,7,0.103251345,1.0161773
77,0.15845907406970292,0.2935372591018677,0.0596916526556015,0.7066219614417435,0.8403131365776062,2,6,8,0.09133167,0.98619664
78,0.16023440828460195,0.5948851704597473,0.3544110059738159,0.8642078792958927,0.6417348980903625,1,6,9,0.29487094,0.990681
79,0.4171003355434564,0.07508883625268936,0.012429318390786648,0.46102263202011734,0.8468190431594849,4,6,10,0.04377866,0.14888822
80,0.28006962561325116,0.08081076294183731,0.018987417221069336,0.5808885163453479,0.8548012375831604,4,6,11,0.037790533,0.97122747
81,0.07274363539817151,0.22259417176246643,0.16799677908420563,0.8725901089689857,0.7876846194267273,2,6,12,0.1252807,3.3944929
82,0.10469880355940807,0.4520818591117859,0.14630337059497833,0.8382229673093042,0.8161561489105225,2,6,13,0.11791431,0.92933947
83,0.07438935470418873,0.2170795202255249,0.14784078299999237,0.9438390611902766,0.9177606105804443,2,6,14,0.15817812,0.98956394
84,0.10218275400768173,0.0815606564283371,0.04086488485336304,0.8398994132439229,0.8960834741592407,2,7,1,0.07054101,1.0007265
85,0.1464745890392716,0.11155654489994049,0.025377728044986725,0.48197820620285,0.8207976222038269,4,7,2,0.03990213,1.000219
86,0.0800862378324351,0.09458661079406738,0.03563694283366203,0.7862531433361274,0.8839703798294067,2,7,3,0.067426965,0.99911076
87,0.07686993608524273,0.10048677772283554,0.05169055610895157,0.7803855825649623,0.886339008808136,2,7,4,0.086096205,0.95746875
88,0.26696507434232264,0.5347972512245178,0.14096012711524963,0.8398994132439229,0.7994864583015442,1,7,5,0.120923996,0.96753246
89,-0.08181545719790115,0.207276850938797,0.10979482531547546,0.8826487845766974,0.8877666592597961,2,7,6,0.14127259,0.98308456
90,0.0,0.011009754613041878,0.004862979520112276,0.19279128248113997,0.7947717905044556,0,7,7,0.0,0.0
91,0.28015394426999474,0.1819286197423935,0.07789336889982224,0.740989103101425,0.791396975517273,4,7,8,0.0941267,0.99497753
92,0.2053815543539166,0.13857005536556244,0.05054411292076111,0.6714165968147527,0.7909642457962036,4,7,9,0.05479458,0.9752809
93,0.5192504540377891,0.05828624591231346,0.009338372386991978,0.38809723386420786,0.8257126808166504,4,7,10,0.0066302842,0.07861522
94,-0.0421805874426282,0.17319419980049133,0.039498470723629,0.4425817267393127,0.8114762306213379,0,7,11,0.034349743,0.85565567
95,0.12865821546795866,0.4301229417324066,0.1428065448999405,0.8625314333612741,0.8254877328872681,2,7,12,0.23696388,0.9591685
96,-0.02943260821696732,0.3072938621044159,0.17575840651988983,0.760268231349539,0.7510812282562256,2,7,13,0.18102048,0.9990143
97,0.06760514358542306,0.09241528064012527,0.1096375584602356,0.9689857502095558,0.9496706128120422,2,7,14,0.11270606,1.0008373
98,0.25651478176452774,0.12988081574440002,0.02593708224594593,0.5364626990779547,0.8408277630805969,4,8,1,0.045335215,0.96793044
99,0.1319467351593663,0.24963757395744324,0.16387511789798737,0.9287510477787091,0.8804128170013428,2,8,2,0.16861063,1.0035888
100,-0.0009831454088660976,0.31616732478141785,0.16549265384674072,0.9052808046940486,0.8462967872619629,2,8,3,0.15795533,0.9901643
101,-0.12394033377994843,0.20496056973934174,0.09924443066120148,0.8415758591785415,0.872772753238678,2,8,4,0.12097061,0.9994135
102,0.04524398991859089,0.23801934719085693,0.08677254617214203,0.8407376362112322,0.8836191892623901,2,8,5,0.11301848,0.9708842
103,0.06585669152282124,0.31089451909065247,0.10046694427728653,0.8239731768650461,0.8435506820678711,2,8,6,0.11259031,0.9424779
104,-0.03570753176339532,0.1558673083782196,0.13513241708278656,0.9622799664710813,0.9405557513237,2,8,7,0.1317008,0.95868176
105,0.0,0.010245337150990963,0.00654911994934082,0.40318524727577537,0.7805389761924744,0,8,8,0.0,0.0
106,0.08664428917840566,0.19317691028118134,0.10912542045116425,0.9203688181056161,0.9082709550857544,2,8,9,0.23096521,0.94941074
107,-0.10559178409393047,0.012170616537332535,0.1884942203760147,0.9974853310980721,0.9939851760864258,2,8,10,0.17688544,0.64154786
108,0.321827701884885,0.5208338499069214,0.1495969444513321,0.8658843252305113,0.7852253913879395,1,8,11,0.14878301,0.9563986
109,-0.03600019815312915,0.12214218825101852,0.07052876800298691,0.875943000838223,0.9052284955978394,2,8,12,0.09284687,0.93684024
110,0.09236023058955649,0.4657774567604065,0.2116370052099228,0.8633696563285834,0.746272623538971,1,8,13,0.17732292,0.9833062
111,0.1648281491148394,0.10026625543832779,0.02921069972217083,0.6261525565800503,0.8541833162307739,4,8,14,0.058662456,0.93068135
112,0.15108237423493953,0.23893891274929047,0.08286099135875702,0.8122380553227159,0.855445921421051,2,9,1,0.14594463,0.98684597
113,0.0758255322073133,0.21425215899944305,0.1549881398677826,0.9547359597652976,0.9191242456436157,2,9,2,0.16779204,0.9939394
114,0.10095825279723859,0.2631590664386749,0.18083664774894714,0.9086336965632859,0.8463960289955139,2,9,3,0.35840514,1.004074
115,0.04759175800516924,0.06750686466693878,0.12425915896892548,0.9715004191114837,0.9578049182891846,2,9,4,0.13268356,0.9867491
116,0.18384860007646825,0.1686590611934662,0.04114070534706116,0.6705783738474435,0.8395824432373047,4,9,5,0.058510747,1.0010647
117,0.12634325291270912,0.2364102005958557,0.08153730630874634,0.7988264878457669,0.8490114212036133,2,9,6,0.13847601,0.98788357
118,-0.011448686548141912,0.173710897564888,0.08451027423143387,0.875943000838223,0.8790040612220764,2,9,7,0.09902252,0.93611795
119,0.12522909077462263,0.22582490742206573,0.08933762460947037,0.8499580888516345,0.8735541105270386,2,9,8,0.14934587,0.9866929
120,0.0,0.012670966796576977,0.005696969572454691,0.2917015926236379,0.7907705903053284,0,9,9,0.0,0.0
121,0.47659664391737855,0.05844246596097946,0.010106762871146202,0.37720033528918695,0.8305690288543701,4,9,10,0.06146016,2.139204
122,0.2879905332579953,0.09965313971042633,0.032150477170944214,0.6848281642917016,0.8465547561645508,4,9,11,0.055509295,0.9730438
123,0.0439049181045783,0.3928632140159607,0.21497970819473267,0.9295892707460185,0.81280118227005,2,9,12,0.17166726,0.98944724
124,0.026029801702581255,0.43040621280670166,0.20895956456661224,0.9052808046940486,0.7923382520675659,1,9,13,0.27300727,1.0349617
125,0.40424494373721925,0.38115769624710083,0.15014468133449554,0.8943839061190276,0.8273851871490479,4,9,14,0.20694306,0.9570883
126,0.13965982909553584,0.554919421672821,0.28962182998657227,0.8683989941324393,0.6966880559921265,1,10,1,0.2715024,1.0604489
127,0.04964946351976876,0.20704233646392822,0.13822950422763824,0.9488683989941324,0.9130777716636658,2,10,2,0.15747653,1.0378832
128,0.0,0.015742959454655647,0.005634764209389687,0.24643755238893544,0.822344183921814,0,10,3,0.0,0.0
129,0.13531459956763076,0.5299501419067383,0.2529520094394684,0.8608549874266554,0.6973055601119995,1,10,4,0.35337648,0.99247557
130,0.19929635700075768,0.10032020509243011,0.018927277997136116,0.41743503772003354,0.8232330679893494,4,10,5,0.03542348,0.9966383
131,-0.04080880428556991,0.43866485357284546,0.2533940374851227,0.8398994132439229,0.6982753276824951,1,10,6,0.3711281,0.9853351
132,-0.08486472158303311,0.16287963092327118,0.08819374442100525,0.922883487007544,0.8985078930854797,2,10,7,0.10842644,0.8230319
133,0.02549612965064723,0.0012936528073623776,0.19528815150260925,1.0,0.9967766404151917,2,10,8,0.010016163,-0.30825046
134,0.23464167552049522,0.5177345871925354,0.41870155930519104,0.8901927912824812,0.5673940181732178,1,10,9,0.2689832,0.90916234
135,0.0,0.00887712650001049,0.002170791383832693,0.0075440067057837385,0.8168381452560425,0,10,10,0.0,0.0
136,0.2572277689150175,0.09288337826728821,0.016561659052968025,0.4065381391450126,0.8273518681526184,4,10,11,0.03145006,0.9757251
137,0.10412923154782691,0.4271324574947357,0.11481274664402008,0.8474434199497066,0.8175678849220276,2,10,12,0.13523658,1.6236023
138,0.07603633165676188,0.12646950781345367,0.0462065227329731,0.829002514668902,0.885233461856842,2,10,13,0.063301854,0.99495935
139,0.12158496829257043,0.4727553725242615,0.29925695061683655,0.8709136630343671,0.6640222668647766,1,10,14,0.3325013,0.9704209
140,0.3085054895655462,0.07991660386323929,0.012747790664434433,0.4291701592623638,0.8335062861442566,4,11,1,0.031598948,0.9966296
141,0.3052246841726536,0.1261572390794754,0.03446251153945923,0.6454316848281643,0.8658223152160645,4,11,2,0.0546303,0.86654806
142,0.021131608513909016,0.40410056710243225,0.20985551178455353,0.9161777032690696,0.8244448900222778,2,11,3,0.18061888,1.0087993
143,0.16995623666360973,0.13668419420719147,0.07639919221401215,0.9077954735959766,0.9023858904838562,2,11,4,0.09841399,0.9896284
144,-0.03561692860822174,0.237854465842247,0.11314535140991211,0.8985750209555742,0.8727854490280151,2,11,5,0.11951163,0.97476125
145,-0.09365740441419763,0.3059093952178955,0.14381635189056396,0.8767812238055323,0.8338718414306641,2,11,6,0.33140543,0.897287
146,0.23563853600768978,0.2095198929309845,0.25590676069259644,0.9849119865884325,0.5211428999900818,1,11,7,0.00605967,0.067927174
147,0.1790868449254636,0.09402535110712051,0.0157332643866539,0.471081307627829,0.8364155888557434,4,11,8,0.041729905,0.97826374
148,0.3127447766668303,0.0809108167886734,0.015047365799546242,0.48030176026823135,0.8290125131607056,4,11,9,0.02766258,1.0239477
149,0.19510174374279624,0.19193585216999054,0.0910392552614212,0.9069572506286673,0.8966794013977051,2,11,10,0.10475627,0.95813954
150,0.0,0.010569378733634949,0.0037263641133904457,0.014249790444258172,0.8056171536445618,0,11,11,0.0,0.0
151,0.10782941230778978,0.6250506639480591,0.24334609508514404,0.9094719195305951,0.756899893283844,1,11,12,0.22689362,0.98008794
152,0.12485175817591863,0.10081924498081207,0.07135968655347824,0.9161777032690696,0.9257499575614929,2,11,13,0.073577784,1.0009276
153,0.26798756166342513,0.07586147636175156,0.013603980652987957,0.4300083822296731,0.835374653339386,4,11,14,0.03129073,0.988978
154,0.4491406047024005,0.06185508519411087,0.010845249518752098,0.40150880134115674,0.8310515880584717,4,12,1,0.013324954,0.5560564
155,0.0683757213472859,0.3274407684803009,0.18950581550598145,0.9321039396479464,0.8691247701644897,2,12,2,0.18527877,0.97805214
156,0.18771423239416932,0.08716283738613129,0.030508989468216896,0.7233864207879296,0.8771982789039612,4,12,3,0.056807477,0.9515818
157,-0.09445027145840958,0.4154109060764313,0.25888508558273315,0.8952221290863369,0.7789459228515625,1,12,4,0.27161074,1.0015172
158,0.27579300066624757,0.08938233554363251,0.020837822929024696,0.46018440905280805,0.8303140997886658,4,12,5,0.038953118,0.99070454
159,0.11371660946297554,0.7313567996025085,0.329181969165802,0.9069572506286673,0.699253499507904,1,12,6,0.22934039,0.9698429
160,0.32364593518404855,0.09266985207796097,0.02196349762380123,0.6487845766974015,0.8650395274162292,4,12,7,0.026475554,0.14569388
161,0.09836033606930986,0.15154416859149933,0.09251464903354645,0.8985750209555742,0.9008858799934387,2,12,8,0.13968109,1.0096444
162,0.14917604161709647,0.5498106479644775,0.22408251464366913,0.8407376362112322,0.6878360509872437,1,12,9,0.12373008,0.9879557
163,0.07866461920891654,0.3859843313694,0.11188463866710663,0.7845766974015088,0.8117088675498962,2,12,10,0.12947488,0.97417504
164,0.12252942810899518,0.2760851979255676,0.07333746552467346,0.7007544006705784,0.7854257822036743,2,12,11,0.086660035,0.97063214
165,0.0,0.011063867248594761,0.004340821411460638,0.15004191114836546,0.7975451350212097,0,12,12,0.0,0.0
166,0.14193931447351385,0.267339825630188,0.08239632099866867,0.8315171835708298,0.867597222328186,2,12,13,0.09874455,0.7992516
167,0.31630062043546164,0.07239857316017151,0.013468225486576557,0.4677284157585918,0.8391016125679016,4,12,14,0.03047658,1.0
168,-0.008636247788968234,0.32446202635765076,0.1810067594051361,0.9052808046940486,0.8429931402206421,2,13,1,0.21428794,1.005713
169,0.20703524310129362,0.25668734312057495,0.1505080908536911,0.9321039396479464,0.9014764428138733,2,13,2,0.1666747,0.9976067
170,0.4212264440466142,0.07808136194944382,0.014338110573589802,0.47778709136630343,0.7996500730514526,4,13,3,0.0047000186,0.23195876
171,0.2910884931662465,0.07725474238395691,0.012497739866375923,0.3897736797988265,0.8380623459815979,4,13,4,0.033824917,1.062996
172,0.03243337723548195,0.43601927161216736,0.1726398766040802,0.8658843252305113,0.8113044500350952,2,13,5,0.150664,1.0036834
173,0.0027446857102423217,0.13031019270420074,0.06015952304005623,0.672254819782062,0.8673441410064697,2,13,6,0.06265884,0.9969047
174,0.11825279071614395,0.1535193920135498,0.08874870836734772,0.901089689857502,0.8973902463912964,2,13,7,0.09304434,0.9728302
175,0.17627690205363833,0.40744221210479736,0.1138194352388382,0.7669740150880134,0.7791181206703186,2,13,8,0.1156913,1.0017265
176,0.0849032924240242,0.54752117395401,0.4232305586338043,0.9354568315171836,0.6463961601257324,1,13,9,0.3055853,0.9591617
177,0.009310425247072103,0.5604026913642883,0.302592933177948,0.8231349538977368,0.6437658667564392,1,13,10,0.1373,0.9814785
178,0.0828182071894433,0.38622599840164185,1.0943855047225952,0.972338642078793,0.18743382394313812,3,13,11,0.15825047,1.0157713
179,-0.026069582025588903,0.6618145704269409,0.21745623648166656,0.8893545683151718,0.7443342804908752,1,13,12,0.18996431,0.9840113
180,0.0,0.014421322382986546,0.004573510028421879,0.09304274937133278,0.8002889752388,0,13,13,0.0,0.0
181,0.12828091022539026,0.09746524691581726,0.022291073575615883,0.45934618608549876,0.8350099325180054,4,13,14,0.03690836,1.0
182,0.4548210549474792,0.7515978217124939,0.30096369981765747,0.8667225481978206,0.6867225766181946,1,14,1,0.15502088,0.99217415
183,0.18768334560779615,0.3118107318878174,0.14753028750419617,0.9220452640402347,0.8806803226470947,2,14,2,0.15099919,0.9556532
184,0.0603286093658498,0.4443494975566864,0.3228735327720642,0.865046102263202,0.6544348001480103,1,14,3,0.15892641,1.0041796
185,-0.006401392107580051,0.1308581531047821,0.0882696807384491,0.8943839061190276,0.909248948097229,2,14,4,0.123466186,0.9786465
186,0.20520537079498363,0.5353463888168335,0.25020721554756165,0.7979882648784576,0.6826308965682983,1,14,5,0.16281456,0.9125408
187,0.08786815264758419,0.5376769304275513,0.3085044026374817,0.7988264878457669,0.591690182685852,1,14,6,0.10254191,0.9564069
188,0.3369727315434283,0.07422991096973419,0.012622538954019547,0.4082145850796312,0.8401261568069458,4,14,7,0.027665066,0.9958207
189,0.054058889060650026,0.1186876967549324,0.07128321379423141,0.8994132439228835,0.9144154191017151,2,14,8,0.09341986,0.94332725
190,0.3988970210058054,0.6741007566452026,0.2501482367515564,0.8918692372170998,0.7394731640815735,1,14,9,0.15076356,1.0075793
191,0.19690128143105998,0.10123050957918167,0.028179142624139786,0.691533948030176,0.8605844378471375,4,14,10,0.06730993,0.23042044
192,0.2014518207612847,0.8021339774131775,0.47667351365089417,0.9186923721709975,0.5525460243225098,1,14,11,0.17974927,1.0179871
193,0.05450631131166245,0.102451391518116,0.04146607592701912,0.6085498742665549,0.8592943549156189,2,14,12,0.06989014,0.91516775
194,0.18055402005657664,0.8162993788719177,0.706666886806488,0.9337803855825649,0.40777209401130676,3,14,13,0.19494285,0.9975441
195,0.0,0.011358174495398998,0.0054788608103990555,0.28583403185247275,0.7907453179359436,0,14,14,0.0,0.0
