update,loss,es_mse,minutes,time_capped
100,0.6867554187774658,0.0005348829436115921,0.8811989943186442,
200,0.5800524950027466,0.0005332932341843843,1.7688744942347208,
300,0.7049179673194885,0.0005332975997589529,2.663372786839803,
400,0.6492407917976379,0.0005349881248548627,3.143631899356842,
500,0.678717851638794,0.0005338310147635639,3.555337349573771,
600,0.5123820304870605,0.0005331672145985067,3.9668641249338785,
700,0.5581907629966736,0.0005352427833713591,4.7405015190442406,
800,0.5506120324134827,0.000536808802280575,5.637019594510396,
900,0.5110280513763428,0.0005349617567844689,6.531298299630483,
1000,0.7335573434829712,0.0005328956176526845,7.425482022762298,
1100,0.5699971318244934,0.0005339632625691593,8.243390091260274,
1200,6.450321197509766,0.0005353755550459027,8.654857162634531,
1300,0.6467041969299316,0.0005371925653889775,9.065988850593566,
1400,0.8143004775047302,0.0005321437492966652,9.477869395414988,
1481,,,,True
