step,train_mse,train_nll,val_mse,lr,minutes
250,0.015020674102008342,-2.380745782852173,0.009442880749702454,0.0009990133642141358,0.39734179576238
500,0.008654359687119723,-2.7441678686141966,0.006741710472851992,0.0009648882429441257,0.7807815392812093
750,0.006804791014641523,-2.899549988746643,0.00532679446041584,0.0008852566213878947,1.238051950931549
1000,0.0057677595987915995,-2.9521060581207275,0.004431837238371372,0.0007679133974894983,1.7105424245198568
1250,0.005020957723259925,-3.004861610412598,0.003918648697435856,0.0006243449435824276,2.194179928302765
1500,0.004561817644163966,-3.0218552255630495,0.0036893594078719616,0.0004686047402353433,2.699853543440501
1750,0.004308484615758061,-3.037202452659607,0.0034746730234473944,0.00031593772365766105,3.180770989259084
2000,0.0041071941461414095,-3.047342645645142,0.0033858309034258127,0.00018128800512565513,3.6816530505816143
2250,0.003976791753433645,-3.021024905204773,0.0032909626606851816,7.783603724899258e-05,4.163352223237355
2500,0.003909664718434214,-3.029500883102417,0.0032756063155829906,1.5708419435684463e-05,4.694935830434163
2700,0.0038815525756217537,-3.032977157831192,0.0032706584315747023,0.0,5.118253568808238
