update,loss,es_mse,minutes
100,0.8476471304893494,0.004163188394159079,0.3191058834393819
200,0.8238452672958374,0.004154620226472616,0.6384218533833822
300,0.8564004302024841,0.004150065127760172,0.959522028764089
400,0.9227218627929688,0.00415648752823472,1.2779727935791017
500,0.8471336364746094,0.00414040545001626,1.5961889704068501
600,0.8833656311035156,0.004145516082644463,1.9166393597920737
700,0.9209799766540527,0.004151500295847654,2.237021187941233
800,0.9646080136299133,0.0041660345159471035,2.5564225912094116
900,0.8800424933433533,0.004146274644881487,2.842430520057678
1000,0.9296978116035461,0.0041520316153764725,3.0118857820828757
