model,dataset,run,mse,mae,mse_in_range,mse_trim_jump,top1_se_share,rise_se_share
persistence,geant,0,0.0008545949154731398,0.005632607437995414,0.0005819590981680845,0.000339302939314644,0.8691391710779487,0.5329569135522744
branch_stwaveformer,geant,0,0.0007281701254421118,0.00541014564114237,0.0004704010580575156,0.0003223881134602266,0.8585959893286718,0.7886212977920765
branch_xgboost,geant,0,0.0009179720529776619,0.005860894569024431,0.0004549788749415906,0.0003450491671562703,0.880001519940456,0.7289914472621376
branch_lightgbm_res,geant,0,0.0007516342593163343,0.005758676617027776,0.00046489583743460305,0.0003107795887776009,0.8634923809362828,0.7031243232232851
branch_odgraphformer,geant,0,0.0007672909835514797,0.005673418523701138,0.0005008076715888915,0.0003067422491762114,0.8670177371339356,0.6448018873774916
odgraphformer_no_route,geant,0,0.0007676275424794676,0.005671880206386946,0.0005039916266064238,0.00030840001117568447,0.8673656528911896,0.6466072523139259
odgraphformer_anchor_other,geant,0,0.0008335248365565439,0.006680319556800507,0.0005216238929887305,0.00040297171578471575,0.826752879699845,0.7952747081733078
odgraphformer_no_spatial_attn,geant,0,0.0007621301899450293,0.005660128470919716,0.0004993665630789374,0.0003070348241711851,0.8668221732013827,0.6521025176947713
hedge_prior,geant,0,0.0007434002032751,0.0055139839231304,0.0004639845861812,0.0003055790203685,0.864948229674653,0.703470289976414
hedge_floor,geant,0,0.0007241658898424,0.0054980523238319,0.0004563853972661,0.0003050594412534,0.8617126313524917,0.7418447001447854
hedge,geant,0,0.0007434002032751,0.0055139839231304,0.0004639845861812,0.0003055790203685,0.864948229674653,0.703470289976414
v3_static,geant,0,0.0007185447276135,0.0054930524884999,0.0004466982909858,0.0003128365405389,0.8597319309714737,0.8113242359130096
rl_sac_no_gnn,geant,0,0.0007434541613052,0.0055028554134594,0.0004625203508512,0.0003069011960602,0.8650627234050476,0.7059696724195607
hedge_floor_v3,geant,0,0.000729791615498,0.0054920560335356,0.0004513397581854,0.0003091254045785,0.8627725700141171,0.7694504194462704
hedge_v3,geant,0,0.0007457857630713,0.0055017714921834,0.0004557667183502,0.0003097278471261,0.8655085726399241,0.7435687493579614
rl_sac,geant,0,0.0007431011425932,0.0055389631167949,0.0004638682377886,0.0003052601718897,0.8648237416138926,0.7030184841672413
rl_sac_no_oof,geant,0,0.0007433369473862,0.0055088469074045,0.000463983926022,0.0003055499448887,0.8649762653582328,0.7035139892186941
static_k4,geant,0,0.0007184564940775,0.0054931628585137,0.0004467253756216,0.0003127828947235,0.8597200935845395,0.8112068635150292
rl_sup,geant,0,0.0007443044478952,0.005531253314699,0.0004620557426811,0.000307783343374,0.8649807236530049,0.7044715907761129
context_gate,geant,0,0.0008483194152086,0.0055165492183186,0.0004413748966676,0.0003169829688162,0.8804137182110265,0.7373562221718163
rl_sac_static_prior,geant,0,0.0007177392266931,0.005494364392979,0.0004468294750112,0.0003126460809574,0.859545570840036,0.8105495606501573
persistence,geant,1,0.0008545949154731398,0.005632607437995414,0.0005819590981680845,0.000339302939314644,0.8691391710779487,0.5329569135522744
branch_stwaveformer,geant,1,0.000739395477503206,0.005391043817928751,0.0004690259034989828,0.0003282601329001587,0.8624053826719204,0.7942997393863295
branch_xgboost,geant,1,0.0009161430523779775,0.005865686697970782,0.00045601951406225175,0.00034427765376673664,0.8799920572606611,0.728507053538857
branch_lightgbm_res,geant,1,0.000751558880588812,0.005759855888579419,0.00046326173640237806,0.00030978450937144884,0.8637207635002425,0.7034376858583502
branch_odgraphformer,geant,1,0.0007609418146521179,0.005729028147308686,0.0004980947952942938,0.0003068633818491025,0.8667932343687329,0.6585925632701957
odgraphformer_no_route,geant,1,0.0007660467788325349,0.005713497896940865,0.000501583976250309,0.0003112950208619927,0.865883172327691,0.6579723168457658
odgraphformer_anchor_other,geant,1,0.0008045805612152448,0.006239938526428161,0.000511906506565264,0.0003742380930465221,0.840038872050239,0.7644889100682825
odgraphformer_no_spatial_attn,geant,1,0.0007636961729261809,0.005562111928781054,0.0005019561131235711,0.00030975206043502574,0.866804314258868,0.6540268539815404
hedge_prior,geant,1,0.0007247706809018,0.0054454176255077,0.0004529306314256,0.0003052467469738,0.8631323426581676,0.7476428423444187
hedge_floor,geant,1,0.0007157517028397,0.0054333472459417,0.0004487057422717,0.0003064295220085,0.8614931880476892,0.7768363918957004
hedge,geant,1,0.0007421776524872,0.0054650232917634,0.0004593495670703,0.0003058369128348,0.8659554260340573,0.71159350541049
v3_static,geant,1,0.0007230422324038,0.0054310989477211,0.0004468175427432,0.0003141858740043,0.8621503316915585,0.810743316927589
rl_sac_no_gnn,geant,1,0.0007152607155931,0.0054518088049835,0.0004453271618845,0.0003092173044555,0.8612739014016129,0.7980063098839517
hedge_floor_v3,geant,1,0.0007248493698844,0.0054394454902801,0.0004456155806097,0.000309417823837,0.8630263740043855,0.7931290187339901
hedge_v3,geant,1,0.000749457678573,0.0054660137253378,0.0004502649938783,0.0003096168130727,0.866997730920462,0.7531681590699945
rl_sac,geant,1,0.0007256351404541,0.0054821906050706,0.0004526684771183,0.000304430296905,0.8630994681689302,0.7426961618314374
rl_sac_no_oof,geant,1,0.0007247048303029,0.0054510202520972,0.0004527811025068,0.0003049806729775,0.8631127373012524,0.7466501662038806
static_k4,geant,1,0.0007228777278048,0.0054311382346626,0.0004468381029298,0.0003141138950767,0.8621273666941099,0.8106344839297193
rl_sup,geant,1,0.0007969303380486,0.0054729317261967,0.0004339909045515,0.0003116552703943,0.8752082881795394,0.7713427696339002
context_gate,geant,1,0.0008210514605393,0.0054512689928401,0.0004423626099157,0.0003177012355588,0.8779454030930707,0.7522746260159734
rl_sac_static_prior,geant,1,0.0007222420390752,0.0054281062988188,0.0004468337504185,0.0003138680264657,0.8620336623257733,0.8102586744142823
persistence,geant,2,0.0008545949154731398,0.005632607437995414,0.0005819590981680845,0.000339302939314644,0.8691391710779487,0.5329569135522744
branch_stwaveformer,geant,2,0.0007410683555446906,0.00539846155400878,0.00046663399241874244,0.0003246302464373667,0.8622365402974108,0.7975090257160375
branch_xgboost,geant,2,0.0009139937352479295,0.005868294323245699,0.000454690492146831,0.00034379258637013457,0.8792085492841771,0.7294689625634577
branch_lightgbm_res,geant,2,0.0007503138358744836,0.005748007838365481,0.0004649755948637314,0.00030989636371854334,0.8630606546445414,0.7009229505583535
branch_odgraphformer,geant,2,0.0007772160050796282,0.005734614606917776,0.000508541649879009,0.0003122891612814524,0.868815271991442,0.6515383105986746
odgraphformer_no_route,geant,2,0.0007723367990123497,0.005654421368662699,0.0005051082471118961,0.0003090154713273843,0.8691443186827756,0.6530394627158678
odgraphformer_anchor_other,geant,2,0.000920774433522716,0.006434830448302845,0.0005575502419587199,0.00045453471427162897,0.8563961621470658,0.8071375515410334
odgraphformer_no_spatial_attn,geant,2,0.0007625092102320373,0.005698074160118764,0.0004999396464064822,0.0003074265788930758,0.8665350857909222,0.6482383951040774
hedge_prior,geant,2,0.0007278092751076,0.005455741803489,0.0004542799894023,0.0003056892749311,0.8627739648637294,0.7505358269724459
hedge_floor,geant,2,0.0007315060044357,0.0054507154168679,0.000459041728351,0.0003050884823212,0.8635825692121778,0.743667215627516
hedge,geant,2,0.0007545059610716,0.0054684111941106,0.0004679139119809,0.0003057461536796,0.8673856406371773,0.7007735822695188
v3_static,geant,2,0.0007289364103374,0.0054462924142259,0.0004470239253691,0.0003142408452129,0.8624789592685425,0.8106563874435575
rl_sac_no_gnn,geant,2,0.0007386349615879,0.0054511582677085,0.000443835333725,0.0003126011800538,0.8647932965607857,0.7940533592583857
hedge_floor_v3,geant,2,0.0007411589264645,0.0054501835338712,0.000450666708848,0.0003091938557648,0.865108127605567,0.7752478386193647
hedge_v3,geant,2,0.0007575250842426,0.0054626098229179,0.0004531425508883,0.0003094803632676,0.867833077320447,0.7529407080648555
rl_sac,geant,2,0.0007288151468692,0.005480038988798,0.0004545088282692,0.0003050155879177,0.8628832280797615,0.7456526584021391
rl_sac_no_oof,geant,2,0.0007278106867544,0.0054551579743474,0.0004543372800264,0.0003056133177822,0.8627868425756273,0.7500769837980438
static_k4,geant,2,0.0007288285610861,0.0054460788040053,0.0004470684388855,0.0003141658997728,0.8624681686359664,0.8105612695410733
rl_sup,geant,2,0.0008007054651451,0.0054856136519695,0.0004348866803964,0.0003134624031853,0.8749539167193328,0.780895647621489
context_gate,geant,2,0.0008354386620261,0.0054705514867389,0.0004423007989482,0.0003177029194075,0.8792930269363933,0.7466507418829202
rl_sac_static_prior,geant,2,0.0007270676786074,0.005439595522827,0.0004473081056734,0.0003138838552677,0.8621391813199031,0.8100340031121344
final,geant,0,0.0007434002032751,0.0055139839231304,0.0004639845861812,0.0003055790203685,0.864948229674653,0.703470289976414
final,geant,1,0.0007247706809018,0.0054454176255077,0.0004529306314256,0.0003052467469738,0.8631323426581676,0.7476428423444187
final,geant,2,0.0007278092751076,0.005455741803489,0.0004542799894023,0.0003056892749311,0.8627739648637294,0.7505358269724459
persistence,sdn,0,0.026554491575457775,0.0909679934165484,0.026421868626433104,0.02569528161983637,0.21109121084713284,0.4498484483944032
branch_stwaveformer,sdn,0,0.015445450932343542,0.0653641954240855,0.015349498452441369,0.015013296722721663,0.29655960496846273,0.789760421547439
branch_xgboost,sdn,0,0.005542967782716254,0.043696690116859886,0.005441447672924922,0.005429092245774803,0.30987277793766355,0.6018244726185769
branch_lightgbm_res,sdn,0,0.004770212028600369,0.04035668922410004,0.004667869115582064,0.004627163080843952,0.331839726005808,0.5697303174469457
branch_odgraphformer,sdn,0,0.0032572807664383086,0.03345519221572655,0.00318462420154449,0.0031849252281735945,0.3659882506644158,0.5197665286377307
odgraphformer_no_route,sdn,0,0.003263808931188817,0.03360795175933611,0.0031882974475400724,0.0031886129359243315,0.366294473230434,0.532223540313184
odgraphformer_anchor_other,sdn,0,0.0061953809644446954,0.0472562848578266,0.006105987427220748,0.006060649126836124,0.276967424967534,0.5070191590503812
odgraphformer_no_spatial_attn,sdn,0,0.0033618411398197504,0.03406652561307389,0.0032785782756370656,0.003281935156803841,0.3649602811999505,0.5059200606782172
rl_sac_static_prior,sdn,0,0.0024542224677744,0.0303150061747358,0.0023791447280947,0.0023783069052424,0.3013149537126677,0.592342157908068
hedge_v3,sdn,0,0.0039884882667162,0.0378669786690437,0.003886193427042,0.003869846083246,0.3216249173871539,0.6462518813548369
hedge_prior,sdn,0,0.0024473167573148,0.0304300003969012,0.0023643485009892,0.0023629172155098,0.2964417090091123,0.6018273109615886
hedge,sdn,0,0.0024473167573148,0.0304300003969012,0.0023643485009892,0.0023629172155098,0.2964417090091123,0.6018273109615886
static_k4,sdn,0,0.0024855875304999,0.0308518948977553,0.0024060936546391,0.0024035606025647,0.2899139282444859,0.6008030659290579
rl_sac,sdn,0,0.0024961395630549,0.0305963923544311,0.0024136332313361,0.0024130321096542,0.2996836884390266,0.6019691512052558
rl_sac_no_oof,sdn,0,0.0025681508972759,0.0311236189795468,0.0024747695913964,0.0024738139032403,0.2995707566423515,0.6005224462674226
rl_sac_no_gnn,sdn,0,0.0025164674589902,0.0307499615922687,0.0024420086764551,0.0024395838298905,0.2990958259529046,0.5888416175187142
rl_sup,sdn,0,0.0024141305484175,0.0301010074016905,0.0023288385619823,0.0023264728095123,0.3032954490937938,0.5983655419346945
hedge_floor,sdn,0,0.0024473167573148,0.0304300003969012,0.0023643485009892,0.0023629172155098,0.2964417090091123,0.6018273109615886
v3_static,sdn,0,0.0040736960659807,0.0384555059652901,0.0039714253233671,0.0039386726611612,0.3190403050212442,0.6379034208657919
context_gate,sdn,0,0.0030814037537111,0.0322965664284808,0.0030016962216265,0.0029978182849168,0.3755510025735321,0.5278486646532257
hedge_floor_v3,sdn,0,0.0039884882667162,0.0378669786690437,0.003886193427042,0.003869846083246,0.3216249173871539,0.6462518813548369
persistence,sdn,1,0.026554491575457775,0.0909679934165484,0.026421868626433104,0.02569528161983637,0.21109121084713284,0.4498484483944032
branch_stwaveformer,sdn,1,0.015056782997657803,0.06490409004511931,0.014941128475794591,0.01461623060863225,0.30153669262187016,0.8019199431469665
branch_xgboost,sdn,1,0.00547359641089593,0.04334217108677195,0.005373357767362218,0.005361371112940201,0.3132064499422507,0.6032300962503011
branch_lightgbm_res,sdn,1,0.004693473246344753,0.039908381181280136,0.004590666245933283,0.0045489759501598885,0.33620798673218094,0.5649645738677773
branch_odgraphformer,sdn,1,0.0032669115580731857,0.03329042969799103,0.003188689943425149,0.0031916188231754677,0.37130637946951855,0.5181508039753311
odgraphformer_no_route,sdn,1,0.0032917792712866397,0.033327316170458386,0.0032126934282121016,0.0032088928271751436,0.37349615461835944,0.5362109730658252
odgraphformer_anchor_other,sdn,1,0.006287962677513658,0.04656522103528961,0.006200168716241811,0.006146200350709766,0.2780453996536604,0.5075986218827584
odgraphformer_no_spatial_attn,sdn,1,0.003372803388894239,0.03380616469860152,0.0032936233919574993,0.003298010722142069,0.37270879933986445,0.5229273149095415
rl_sac_static_prior,sdn,1,0.0024405226024436,0.029947191435958,0.0023582889570545,0.002360817317744,0.3127620414960941,0.6083154264130253
hedge_v3,sdn,1,0.0039112173667981,0.037466425114823,0.0038088223438399,0.0037949027783615,0.3226484280588989,0.6424490086451136
hedge_prior,sdn,1,0.0024527978582613,0.0302976608354578,0.0023647524252665,0.0023659199879753,0.3019376983022105,0.5939197538410349
hedge,sdn,1,0.0024527978582613,0.0302976608354578,0.0023647524252665,0.0023659199879753,0.3019376983022105,0.5939197538410349
static_k4,sdn,1,0.0024637390409818,0.0305452742771498,0.0023798457394401,0.0023803488585259,0.2983461729388543,0.5915729898522937
rl_sac,sdn,1,0.0025295283388782,0.030485896540375,0.0024361810935432,0.0024387081220448,0.3117409764664928,0.6448563224229691
rl_sac_no_oof,sdn,1,0.002551760945297,0.0308497513391023,0.0024680821001789,0.0024704889015483,0.3037161546061571,0.5855768818414838
rl_sac_no_gnn,sdn,1,0.0025246129792095,0.0305518021477543,0.0024434981160359,0.0024452028939578,0.3080279031617699,0.5851247457127161
rl_sup,sdn,1,0.0023993729272997,0.0298256350264057,0.0023080142659538,0.0023089209585214,0.3083033382210267,0.6044499456121246
hedge_floor,sdn,1,0.0024527978582613,0.0302976608354578,0.0023647524252665,0.0023659199879753,0.3019376983022105,0.5939197538410349
v3_static,sdn,1,0.0039746516823627,0.0378919776089796,0.0038721502279196,0.0038397475128493,0.3231958315052273,0.6327630312854491
context_gate,sdn,1,0.0030842949604824,0.0321927535909905,0.0029998571509474,0.0029988533579725,0.3778022046839989,0.5305365295323016
hedge_floor_v3,sdn,1,0.0039112173667981,0.037466425114823,0.0038088223438399,0.0037949027783615,0.3226484280588989,0.6424490086451136
persistence,sdn,2,0.026554491575457775,0.0909679934165484,0.026421868626433104,0.02569528161983637,0.21109121084713284,0.4498484483944032
branch_stwaveformer,sdn,2,0.014669591220721305,0.06266733212181252,0.01456932067005578,0.014255338610204728,0.3119767949416524,0.7900605472487937
branch_xgboost,sdn,2,0.0054886742027185085,0.04346520952873853,0.005388017886039842,0.005376446666866418,0.30827800824238016,0.5887129437875446
branch_lightgbm_res,sdn,2,0.004712195788882734,0.04000645092578987,0.0046085646346364865,0.004566525786621501,0.3357985007685822,0.5710333761936744
branch_odgraphformer,sdn,2,0.003303625693824315,0.03346437962941132,0.003221138559136507,0.003226222872673876,0.36693437324469697,0.5285799608949483
odgraphformer_no_route,sdn,2,0.0033087047469069664,0.03357847588472551,0.0032272175180237265,0.0032289808191590286,0.3670766812330907,0.5294322256876646
odgraphformer_anchor_other,sdn,2,0.008227547373730706,0.05293155307608378,0.008130521044297085,0.008015407203427855,0.2763891040185949,0.5082120514456883
odgraphformer_no_spatial_attn,sdn,2,0.0034364044523525323,0.0340433901505558,0.003360275047350454,0.003361548653449128,0.3658508206317831,0.5070042171601987
rl_sac_static_prior,sdn,2,0.0024951715202737,0.030410739843125,0.0024111392004429,0.002415367396448,0.304662264815958,0.6060014998837324
hedge_v3,sdn,2,0.0039432824209445,0.0376244649767,0.0038404621816719,0.0038264822277319,0.3224921743584913,0.6457808069576738
hedge_prior,sdn,2,0.0024694688984172,0.0304062219333496,0.0023790316479545,0.00238225493177,0.3000899991367991,0.6133491061427325
hedge,sdn,2,0.0024694688984172,0.0304062219333496,0.0023790316479545,0.00238225493177,0.3000899991367991,0.6133491061427325
static_k4,sdn,2,0.0024852046951833,0.0306805665336293,0.0023972694313482,0.0023984996817886,0.2968615280769633,0.6112380108801494
rl_sac,sdn,2,0.0025000766613206,0.0304173781691234,0.0024074061015404,0.0024131015869951,0.305995308014935,0.6336781552662383
rl_sac_no_oof,sdn,2,0.0025292888150705,0.0307287910163477,0.0024423514400847,0.0024467959480396,0.3001449111251282,0.6056385231514767
rl_sac_no_gnn,sdn,2,0.0025395717291074,0.0306103885120208,0.0024533420557253,0.0024525994174469,0.306515580126671,0.6007686662372075
rl_sup,sdn,2,0.0023833643605344,0.0297868157852301,0.0022900999569856,0.0022926104271572,0.3059607816205967,0.615895759011371
hedge_floor,sdn,2,0.0024694688984172,0.0304062219333496,0.0023790316479545,0.00238225493177,0.3000899991367991,0.6133491061427325
v3_static,sdn,2,0.0040017089658955,0.0380412972866986,0.0038987666220908,0.0038662439091405,0.3226497978164823,0.6369807282391222
context_gate,sdn,2,0.0030981959663743,0.0322814759982286,0.0030107182393786,0.0030113014594074,0.3752342401060584,0.5368229034196419
hedge_floor_v3,sdn,2,0.0039432824209445,0.0376244649767,0.0038404621816719,0.0038264822277319,0.3224921743584913,0.6457808069576738
final,sdn,0,0.0024961395630549,0.0305963923544311,0.0024136332313361,0.0024130321096542,0.2996836884390266,0.6019691512052558
final,sdn,1,0.0025295283388782,0.030485896540375,0.0024361810935432,0.0024387081220448,0.3117409764664928,0.6448563224229691
final,sdn,2,0.0025000766613206,0.0304173781691234,0.0024074061015404,0.0024131015869951,0.305995308014935,0.6336781552662383
persistence,abilene,0,0.0023630797279148613,0.017859101210675857,0.0018891947466332783,0.001391002135035539,0.6814363826623357,0.5010365926266872
branch_stwaveformer,abilene,0,0.001947328653135471,0.016907259926288425,0.0014255594686511319,0.001183664221913936,0.6549808949484633,0.6568007969736609
branch_xgboost,abilene,0,0.00274420522951082,0.017432957601851644,0.0011180218267176684,0.002055587023141604,0.7684424063069256,0.6854694097238143
branch_lightgbm_res,abilene,0,0.0018497027955204832,0.016274320873388117,0.0013284836558485143,0.0010167792932885978,0.6864250205519733,0.6461476436988193
branch_odgraphformer,abilene,0,0.0018998857143508513,0.0168524177918759,0.0013263048995213454,0.0011471354344874762,0.6640850774151958,0.6832370722363675
odgraphformer_anchor_other,abilene,0,0.0020310868310888927,0.018106809993748703,0.0013630688861651361,0.0013528330231341757,0.6387704994168062,0.7186346298739135
odgraphformer_no_spatial_attn,abilene,0,0.0018572398256721714,0.016753984754054697,0.0013222345040399435,0.0011065875580087675,0.6611158474933713,0.6691382266904273
odgraphformer_no_route,abilene,0,0.0018593803792042046,0.016741464454868942,0.0013056583914110376,0.0011227848216498512,0.6583186726887714,0.6856051015598581
rl_sac_static_prior,abilene,0,0.0018469592620176,0.0162675438202224,0.0013251781550147,0.0010164132448259,0.6861743045727038,0.6478484216965585
rl_sup,abilene,0,0.0016942202976786,0.0161030858906036,0.0011465103501749,0.0010097674652897,0.6632710235973752,0.7430078534790898
hedge,abilene,0,0.0016893122504712,0.0160757317291283,0.0011518551516288,0.000996552268876,0.6626663093787123,0.7316929928800356
context_gate,abilene,0,0.0018088007121543,0.0162504182119658,0.0012659516526641,0.0010264106314391,0.6794087427504257,0.6836340404985132
rl_sac_no_gnn,abilene,0,0.0017061376765084,0.0160936647400941,0.0011789866797407,0.0009942306811297,0.666552490633529,0.7198974803472916
static_k4,abilene,0,0.0018382919852496,0.0162632644816211,0.0013142428189821,0.0010168394116388,0.6847323018630637,0.654460116902028
rl_sac_no_oof,abilene,0,0.0017846609208962,0.0161525739915702,0.0012652540623734,0.0009971627982224,0.6804216138786657,0.6692060697846369
rl_sac,abilene,0,0.0017535391805843,0.0161229022951508,0.0012333379634481,0.0009905682633051,0.6757323579072663,0.6837080230616374
hedge_prior,abilene,0,0.0016923287045563,0.0160515613293361,0.0011666201152312,0.0009823982837871,0.6660045139286352,0.718826797234804
hedge_v3,abilene,0,0.0017120920321064,0.0161729226932852,0.0011753655011219,0.0010183850689461,0.6617624104591225,0.7350958203642106
v3_static,abilene,0,0.0018409545007357,0.0162723225393415,0.0013165086015971,0.0010188310012987,0.6848228772044774,0.6542863927626222
hedge_floor_v3,abilene,0,0.0017144423389735,0.0160923731946813,0.0011882429791697,0.0009911150779727,0.6688006456404204,0.7101778432135112
hedge_floor,abilene,0,0.0016923287045563,0.0160515613293361,0.0011666201152312,0.0009823982837871,0.6660045139286352,0.718826797234804
persistence,abilene,1,0.0023630797279148613,0.017859101210675857,0.0018891947466332783,0.001391002135035539,0.6814363826623357,0.5010365926266872
branch_stwaveformer,abilene,1,0.0019871592507279615,0.016957717870311678,0.0014642374886224016,0.0011930406879395831,0.6600832072795942,0.6506511137015475
branch_xgboost,abilene,1,0.002778277819462797,0.01747062172790609,0.0011225664955384525,0.002088762108106905,0.770395023263164,0.6828108314584477
branch_lightgbm_res,abilene,1,0.001862670509415836,0.01627346296756705,0.0013419263755034768,0.0010143961531690665,0.6888434666021752,0.6378528860592093
branch_odgraphformer,abilene,1,0.0018716429707805223,0.016699826641442376,0.001286883891629697,0.0011314620836089012,0.6652311526345779,0.6956453005901287
odgraphformer_anchor_other,abilene,1,0.0018272554928581855,0.017081646103373288,0.0012443042204374657,0.0011449510343117897,0.6471136166106337,0.7365695463190001
odgraphformer_no_spatial_attn,abilene,1,0.0018061402076884406,0.016620132869031443,0.0012798082134356707,0.001082048426720141,0.6561477473285234,0.6930316837296158
odgraphformer_no_route,abilene,1,0.0018458245185544234,0.016625437822953865,0.0012658980599052968,0.0011182635799545382,0.662723649791246,0.7004226160886954
rl_sac_static_prior,abilene,1,0.001857823683713,0.0162703320209651,0.0013353316297339,0.0010153637149817,0.688010966316309,0.6420651791126785
rl_sup,abilene,1,0.0016793759477761,0.016068895688439,0.0011209662096783,0.0010067684607312,0.6615058546278849,0.7541125266292167
hedge,abilene,1,0.0016317026724039,0.0160138762184424,0.0010930297039557,0.0009908801536036,0.6523826123208374,0.7679234533183005
context_gate,abilene,1,0.0018344159329549,0.0163665686953708,0.0012331968760216,0.0010835923401398,0.6790081445970638,0.7088840660867147
rl_sac_no_gnn,abilene,1,0.0017129326502628,0.0161203374310897,0.001165915947835,0.0010023041303393,0.6659012345189869,0.7291623035229685
static_k4,abilene,1,0.0018414898626106,0.0162803501827768,0.0013087878254757,0.0010236251091374,0.6844701573779816,0.6601804710331833
rl_sac_no_oof,abilene,1,0.0017330885340853,0.0161190116029452,0.0012094239344301,0.0009894835892167,0.6709568580537726,0.6979040621799059
rl_sac,abilene,1,0.0017100001660546,0.0160963066383862,0.0011833318914796,0.0009878965338062,0.6669078191141558,0.7129298163822997
hedge_prior,abilene,1,0.0016906238221475,0.0160753428518674,0.001157257222671,0.0009892651710224,0.6631799165360692,0.7282352310408053
hedge_v3,abilene,1,0.001659330629911,0.0160560317114335,0.0011177635120733,0.0010025787611266,0.6560054404622997,0.7592555931520523
v3_static,abilene,1,0.0018423842951305,0.016284441771482,0.0013089674712004,0.0010248255212676,0.6844618730226896,0.6606051206954363
hedge_floor_v3,abilene,1,0.0017012635193315,0.0160971516625024,0.0011729306670494,0.0009954152592713,0.6650330713220056,0.7241886350242059
hedge_floor,abilene,1,0.0016840514398117,0.0160636277786985,0.0011583288387955,0.0009882908792983,0.6629779203398318,0.731879537394607
persistence,abilene,2,0.0023630797279148613,0.017859101210675857,0.0018891947466332783,0.001391002135035539,0.6814363826623357,0.5010365926266872
branch_stwaveformer,abilene,2,0.001972886508918871,0.016912964700348667,0.0014581177417271932,0.0011919754054915673,0.6602540185766431,0.6405847087874618
branch_xgboost,abilene,2,0.0027639484681294428,0.017487398965436364,0.0011244078828999433,0.0020751855328952898,0.7684121318374628,0.6843561711005307
branch_lightgbm_res,abilene,2,0.001862231741751269,0.016296186973325667,0.001339214775938849,0.001025760935781521,0.687519580886123,0.643117595468497
branch_odgraphformer,abilene,2,0.0018236478449941164,0.01654897924735564,0.001258797937074336,0.001104148003827491,0.660166781925308,0.7031154040296926
odgraphformer_anchor_other,abilene,2,0.0018071259870859897,0.01708222223324043,0.0012610439559188782,0.0011315848832341073,0.6437621107184274,0.7151065875741828
odgraphformer_no_spatial_attn,abilene,2,0.001829802374730895,0.016571762746408765,0.001271388758430093,0.0011104027759540913,0.6621540621080487,0.6903880098318692
odgraphformer_no_route,abilene,2,0.0018111685658561355,0.01664694231972932,0.0012589986846254307,0.001093850577361755,0.6574627074638029,0.7024478825614476
rl_sac_static_prior,abilene,2,0.0018599829681702,0.0162910317863361,0.0013366186856496,0.0010253272017273,0.687300244187048,0.6442952209223871
rl_sup,abilene,2,0.0017217868972451,0.0160938792185975,0.0011980703819503,0.0009889704849144,0.66977466714433,0.701676115880001
hedge,abilene,2,0.0016246180809836,0.0159888207354921,0.0010905971824938,0.000988686580366,0.6525482601338074,0.7639765202256338
context_gate,abilene,2,0.0018320860346266,0.0162660287265462,0.0013004993310133,0.0010263936206591,0.6828739551288465,0.6646923654499479
rl_sac_no_gnn,abilene,2,0.0017506579498543,0.0161418703778062,0.0012176306529812,0.0010033124778591,0.6736928001283801,0.6969970036454225
static_k4,abilene,2,0.0018559968799262,0.0162889949489512,0.0013318561453985,0.0010253618032804,0.6866238115099645,0.6471344855704394
rl_sac_no_oof,abilene,2,0.001755137835007,0.0161282016895624,0.001234003984103,0.000993885465498,0.675620784909989,0.6839413718270541
rl_sac,abilene,2,0.0017622432803701,0.0161339971549843,0.0012418765675793,0.0009924471024114,0.6769770077265505,0.6776640292084317
hedge_prior,abilene,2,0.001720642237319,0.0160835332956808,0.0011977840964839,0.0009866361363555,0.6705578227783476,0.7004054873896645
hedge_v3,abilene,2,0.0016925367008284,0.0161072885377573,0.0011588333461739,0.0010071144679658,0.6611543052830775,0.7331438154628085
v3_static,abilene,2,0.0018580917044357,0.0162937511221653,0.001333861011722,0.0010263190650677,0.6868023591306873,0.6465018647153516
hedge_floor_v3,abilene,2,0.0017042670969927,0.0160832039819871,0.0011812309643802,0.0009924269659492,0.6668083372416381,0.7124392042950504
hedge_floor,abilene,2,0.001720642237319,0.0160835332956808,0.0011977840964839,0.0009866361363555,0.6705578227783476,0.7004054873896645
final,abilene,0,0.0018382919852496,0.0162632644816211,0.0013142428189821,0.0010168394116388,0.6847323018630637,0.654460116902028
final,abilene,1,0.0018414898626106,0.0162803501827768,0.0013087878254757,0.0010236251091374,0.6844701573779816,0.6601804710331833
final,abilene,2,0.0018559968799262,0.0162889949489512,0.0013318561453985,0.0010253618032804,0.6866238115099645,0.6471344855704394
