dataset,run,oracle_per_flow_fixed,oracle_per_step_global,oracle_per_step_flow
abilene,0,0.0016112563540454,0.0015211719282529,0.0013053252128188
abilene,1,0.0016098617017417,0.0015311813842246,0.0013172811801893
abilene,2,0.0016103554141988,0.001525678354249,0.0013045787325194
sdn,0,0.003952671837059592,0.004693297703951513,0.0027651717752860644
sdn,1,0.0038907074440929054,0.004623319484164472,0.0027061242274889112
sdn,2,0.003906310712511964,0.0046343239522576895,0.002716896026880298
geant,0,0.0006929823531109648,0.0006310634627290953,0.0005733969287930195
geant,1,0.0006972071958084414,0.000630807537856043,0.0005703801901048457
geant,2,0.000703658358709583,0.0006318786347049683,0.0005743307493920537
