mse,mae,rmse,rse,mape,wape,smape,mse_in_range,config,dataset,run,note
0.0018497027955204,0.0162743208733881,0.0430081712645455,0.0922535550056767,0.3087396158859311,0.1472465133210826,27.98212471778852,0.0013284838059917,best_single_val,ABILENE,0,lightgbm_res
0.0018443352526746,0.0164233397645859,0.0429457244981919,0.0919858498854939,0.3060930366861326,0.1485948038161862,28.62446600901261,0.0012050461955368,context_gate,ABILENE,0,
0.0018409544512571,0.0162723225824389,0.0429063451165113,0.0918172330945793,0.3082664611853542,0.1472284332194826,28.87108822644788,0.0013165082782506,full,ABILENE,0,
0.0018409544512571,0.0162723225824389,0.0429063451165113,0.0918172330945793,0.3082664611853542,0.1472284332194826,28.87108822644788,0.0013165082782506,global_only,ABILENE,0,
0.0026340795301542,0.0173301466950469,0.0513232844833047,0.1313741869304102,0.3074859606817946,0.156799395565641,28.812140566817508,0.0011144332820549,no_lightgbm_res,ABILENE,0,
0.0018385854925493,0.0162758359653947,0.0428787300715563,0.0916990817553566,0.3084104801017266,0.1472602215438143,28.691472220912026,0.0013123794924467,no_stwaveformer,ABILENE,0,
0.0018486873848122,0.0162703294696707,0.0429963647860169,0.0922029116007725,0.3083644124660848,0.1472103999689365,28.89901715704904,0.0013275882229208,no_xgboost,ABILENE,0,
0.0018409488960851,0.0162723070482185,0.0429062803804426,0.091816956031492,0.3082666530598064,0.1472282926692374,28.871081253854943,0.001316505135037,perflow_only,ABILENE,0,
0.0018540276907861,0.016457027941889,0.0430584218334358,0.0924692582874404,0.2894760690289462,0.1488996071125335,28.40390664224342,0.001185803906992,static_average,ABILENE,0,
0.0018626705094158,0.016273462967567,0.0431586666779203,0.092900317128781,0.3066700303251088,0.1472387511759281,27.80331852526282,0.0013419263996183,best_single_val,ABILENE,1,lightgbm_res
0.0018731256169904,0.0164785988756796,0.0432796212667166,0.093421763516849,0.3048701801705658,0.1490947762267753,28.582363053070324,0.0012031958904117,context_gate,ABILENE,1,
0.0018423845686546,0.0162844412587887,0.0429230074511869,0.0918885599122238,0.306008761811792,0.1473380803655881,28.71229485081433,0.0013089678250253,full,ABILENE,1,
0.0018423845686546,0.0162844412587887,0.0429230074511869,0.0918885599122238,0.306008761811792,0.1473380803655881,28.71229485081433,0.0013089678250253,global_only,ABILENE,1,
0.0026472591609401,0.0173463551068046,0.0514515224355917,0.1320315183658238,0.3060735976493129,0.1569460457476271,28.81230287726008,0.0011191840749233,no_lightgbm_res,ABILENE,1,
0.00184207715761,0.0162880450153054,0.0429194263429747,0.0918732278481851,0.3062450987814581,0.1473706863702301,28.351989361367057,0.0013076742179691,no_stwaveformer,ABILENE,1,
0.0018618997244305,0.0162696808379628,0.0431497360876121,0.0928618743826233,0.3062558808049671,0.1472045312904117,28.765928324565444,0.0013412757543846,no_xgboost,ABILENE,1,
0.0018423100038392,0.0162842300509019,0.0429221388544331,0.091884841007048,0.3060092259713304,0.1473361694025954,28.712215204185032,0.0013089155545458,perflow_only,ABILENE,1,
0.0018777757085007,0.0164822633020547,0.0433333094570536,0.0936536858959307,0.2870922653199447,0.1491279311590919,28.41090631301581,0.0012036776170134,static_average,ABILENE,1,
0.0018622317417512,0.0162961869733256,0.0431535831855394,0.0928784336797341,0.3093581949476855,0.1474443530343821,28.01933053660841,0.0013392146211117,best_single_val,ABILENE,2,lightgbm_res
0.0018505071659898,0.0164298904338031,0.0430175216160797,0.0922936728211032,0.3074197731507568,0.148654072845576,28.57213273369515,0.0012204968370497,context_gate,ABILENE,2,
0.0018580916463943,0.0162937515222162,0.043105587183036,0.0926719472562581,0.3090556635941822,0.1474223176027951,28.782398937511232,0.0013338607968762,full,ABILENE,2,
0.0018580916463943,0.0162937515222162,0.043105587183036,0.0926719472562581,0.3090556635941822,0.1474223176027951,28.782398937511232,0.0013338607968762,global_only,ABILENE,2,
0.0026428318353323,0.0173743092807505,0.0514084801888982,0.1318107063913373,0.3103876471177018,0.1571989690295471,28.8563076460699,0.0011210071388632,no_lightgbm_res,ABILENE,2,
0.0018562525546043,0.0162964563623053,0.0430842494956606,0.0925802229230195,0.3092312515492509,0.1474467904072408,28.638145249097484,0.0013308542547747,no_stwaveformer,ABILENE,2,
0.0018612861259236,0.0162922095081951,0.0431426253944242,0.0928312712804654,0.3089869084010073,0.1474083657955359,28.78400350387408,0.0013384433696046,no_xgboost,ABILENE,2,
0.0018580909280578,0.0162937477145072,0.0431055788507457,0.0926719114293714,0.3090555588881686,0.1474222831514733,28.782398774608463,0.0013338605640456,perflow_only,ABILENE,2,
0.0018659823718363,0.0164824956848185,0.0431970180896356,0.0930654956010838,0.2907518284650782,0.149130033707763,28.362971191403748,0.0011992627987638,static_average,ABILENE,2,
0.0018608608223552,0.0162877643507245,0.0431376960714787,0.0928100593505106,0.3050741283343983,0.1473681469781859,27.80886121716428,0.0013345495099201,best_single_val,ABILENE,3,lightgbm_res
0.0018715101651379,0.0164777583996154,0.043260954279095,0.0933411931805263,0.3039274327013845,0.1490871717822671,28.575198434745896,0.001199522987008,context_gate,ABILENE,3,
0.0018467847495085,0.016289820911965,0.0429742335534748,0.0921080180475674,0.3046267063236062,0.1473867542967001,28.751401601150363,0.0013131465530022,full,ABILENE,3,
0.0018467847495085,0.016289820911965,0.0429742335534748,0.0921080180475674,0.3046267063236062,0.1473867542967001,28.751401601150363,0.0013131465530022,global_only,ABILENE,3,
0.0026473629492684,0.0173519586179544,0.0514525310287889,0.1320366947878288,0.3076608006440163,0.1569967450969638,28.790048362296496,0.0011184908216819,no_lightgbm_res,ABILENE,3,
0.001845845096043,0.0162946026198439,0.0429632994082513,0.0920611530199097,0.3048614793233056,0.1474300181488982,28.49093064507631,0.0013105199905112,no_stwaveformer,ABILENE,3,
0.0018596035564483,0.0162828573429204,0.0431231209033893,0.0927473534662009,0.304667428440344,0.1473237494395346,28.7881483135866,0.0013335437979549,no_xgboost,ABILENE,3,
0.0018467573902669,0.0162897496622526,0.0429739152308349,0.092106653510893,0.3046267844974717,0.1473861096448089,28.7513435574498,0.0013131265295669,perflow_only,ABILENE,3,
0.0018646856693116,0.0164834786858786,0.0431820063141076,0.0930008228233946,0.2895834738045554,0.1491389276874147,28.37867804375446,0.0011935960501432,static_average,ABILENE,3,
0.0018540610200305,0.0162850726197516,0.0430588088552224,0.092470920576807,0.3055124413265675,0.1473437927821713,27.948692202133536,0.001334074884653,best_single_val,ABILENE,4,lightgbm_res
0.0018612498441475,0.0164630422518554,0.0431422049059569,0.0928294617341805,0.3037782071437707,0.1489540232801562,28.549812081733982,0.0012005630414932,context_gate,ABILENE,4,
0.0018430874297396,0.0162844098567339,0.0429311941336326,0.0919236149675136,0.3051107650783994,0.1473377962466301,28.743831164165822,0.0013184644049033,full,ABILENE,4,
0.0018430874297396,0.0162844098567339,0.0429311941336326,0.0919236149675136,0.3051107650783994,0.1473377962466301,28.743831164165822,0.0013184644049033,global_only,ABILENE,4,
0.0026521886840978,0.0173484978617524,0.0514994046965381,0.1322773773421277,0.3065564236664068,0.1569654329280458,28.77731388080993,0.0011191946687176,no_lightgbm_res,ABILENE,4,
0.001841129967909,0.0162878537364038,0.0429083904138692,0.091825986952299,0.3052611588457222,0.1473689557203579,28.54102536720537,0.0013147878926247,no_stwaveformer,ABILENE,4,
0.001853123604574,0.0162816693138865,0.0430479221864898,0.092424167169401,0.3051957177821366,0.1473130004113988,28.77069986471771,0.0013332160888239,no_xgboost,ABILENE,4,
0.0018430741389189,0.0162843768783954,0.0429310393412387,0.0919229520905054,0.3051108634976847,0.1473374978658014,28.74381577293636,0.0013184540439397,perflow_only,ABILENE,4,
0.0018602491512942,0.0164702826503226,0.043130605737623,0.0927795523793325,0.2878895704915547,0.1490195328296874,28.38449328135101,0.0011881841346621,static_average,ABILENE,4,
0.001858049049392,0.0162679787053379,0.0431050930794965,0.092669822739335,0.304323988607046,0.1471891307648735,27.71050442050705,0.0013351606903597,best_single_val,ABILENE,5,lightgbm_res
0.0018576916378474,0.0164378340228089,0.0431009470643916,0.0926519969104147,0.3026138700587944,0.1487259447100592,28.563848982924885,0.0012134651187807,context_gate,ABILENE,5,
0.0018492197335523,0.0162684377105284,0.043002554965401,0.092229462387145,0.3039070519147721,0.1471932837439393,28.773782740444176,0.0013221837580204,full,ABILENE,5,
0.0018492197335523,0.0162684377105284,0.043002554965401,0.092229462387145,0.3039070519147721,0.1471932837439393,28.773782740444176,0.0013221837580204,global_only,ABILENE,5,
0.0026536811981608,0.0173803529165875,0.0515138932537706,0.1323518161809223,0.3051515810363099,0.1572536505312635,28.722226924580745,0.0011237128637731,no_lightgbm_res,ABILENE,5,
0.0018471833792646,0.0162732824845366,0.0429788713121301,0.0921278996264975,0.3040870558552407,0.1472371182047489,28.514699153506324,0.0013180796522647,no_stwaveformer,ABILENE,5,
0.0018570223799684,0.0162635952687472,0.0430931825230917,0.0926186178082681,0.3039428938395617,0.1471494703846116,28.799643069272168,0.0013343432219699,no_xgboost,ABILENE,5,
0.0018492121149337,0.0162684137581856,0.0430024663819852,0.092229082410076,0.3039072376550402,0.1471930670283548,28.77376909045043,0.0013221788685768,perflow_only,ABILENE,5,
0.0018725544680604,0.0165036945723042,0.0432730224049626,0.093393277578805,0.2887392711554887,0.1493218366280102,28.346916926101144,0.0012012454681098,static_average,ABILENE,5,
0.0018564633204414,0.0162724184634172,0.0430866953994085,0.092590734826765,0.310727218798062,0.1472293007297062,27.87765848289765,0.0013331199297681,best_single_val,ABILENE,6,lightgbm_res
0.0018543178010873,0.0164394339983407,0.0430617905002486,0.0924837274803799,0.307610154906394,0.148740420940452,28.62230846882629,0.0012070038355886,context_gate,ABILENE,6,
0.0018490234649015,0.0162711730595795,0.0430002728468264,0.0922196735276492,0.3102469238247482,0.1472180325868327,28.853796111619666,0.0013228341704234,full,ABILENE,6,
0.0018490234649015,0.0162711730595795,0.0430002728468264,0.0922196735276492,0.3102469238247482,0.1472180325868327,28.853796111619666,0.0013228341704234,global_only,ABILENE,6,
0.0026248166418981,0.017354338179587,0.0512329644066992,0.1309122022411311,0.3073820869818675,0.1570182748527273,28.79365897100021,0.0011187315685674,no_lightgbm_res,ABILENE,6,
0.0018466043608195,0.0162754544407105,0.042972134701682,0.0920990211979695,0.310408740627756,0.1472567695915068,28.579607118388413,0.0013184759300202,no_stwaveformer,ABILENE,6,
0.0018553840822168,0.0162680521412611,0.0430741695476167,0.0925369080373174,0.3103046140054489,0.1471897951971236,28.87264175907285,0.0013322596205398,no_xgboost,ABILENE,6,
0.0018490180677447,0.0162711562335658,0.0430002100895419,0.0922194043455405,0.3102470450001794,0.1472178803487225,28.853786965523454,0.0013228306779637,perflow_only,ABILENE,6,
0.001863358868506,0.016486481248953,0.0431666406905381,0.0929346488999955,0.2913059747960244,0.1491660942246339,28.377748938702343,0.0011946479789912,static_average,ABILENE,6,
0.0018459347706245,0.0162367718172524,0.0429643430139993,0.0920656255216333,0.3085211942102109,0.1469067776333391,27.81137995380549,0.0013315033866092,best_single_val,ABILENE,7,lightgbm_res
0.001834132273516,0.0163869075247614,0.042826770524008,0.0914769783514802,0.3065028698365222,0.1482651728393629,28.659639555004325,0.0012156806187704,context_gate,ABILENE,7,
0.0018418014790941,0.0162348279225077,0.0429162146407877,0.0918594784376366,0.3082276009405517,0.1468891896967581,28.91709068081665,0.0013263210421428,full,ABILENE,7,
0.0018418014790941,0.0162348279225077,0.0429162146407877,0.0918594784376366,0.3082276009405517,0.1468891896967581,28.91709068081665,0.0013263210421428,global_only,ABILENE,7,
0.0026361820603268,0.0173792792595148,0.0513437635972161,0.131479050200011,0.3082542164528264,0.1572439363157408,28.797988994552902,0.0011209130752831,no_lightgbm_res,ABILENE,7,
0.001839583763173,0.0162371179825492,0.0428903691191047,0.0917488703019887,0.3083824184328664,0.1469099096616052,28.703411100725766,0.0013230615295469,no_stwaveformer,ABILENE,7,
0.0018451999728394,0.016233614891922,0.0429557909115808,0.0920289776298458,0.30817166001659,0.1468782144600229,28.92722836822448,0.0013308712514117,no_xgboost,ABILENE,7,
0.0018418004740091,0.0162348237443628,0.0429162029309343,0.0918594283092234,0.3082275695438849,0.1468891518938124,28.917089876145567,0.0013263205764815,perflow_only,ABILENE,7,
0.0018617039037552,0.0164773851141174,0.0431474669448307,0.0928521078658161,0.290504749393483,0.1490837943763231,28.397377994937845,0.0011995232198387,static_average,ABILENE,7,
0.0018540155763886,0.0162642004160369,0.0430582811592453,0.0924686540843018,0.3038623151782055,0.1471549456255843,27.97196117461301,0.0013350466033443,best_single_val,ABILENE,8,lightgbm_res
0.0018570340638357,0.0164447620982612,0.0430933180880253,0.0926192005387973,0.3039375993262298,0.148788628428926,28.57236780829534,0.0012025578180328,context_gate,ABILENE,8,
0.0018381653342822,0.0162679541097265,0.0428738304129946,0.0916781264462634,0.3036036943729626,0.1471889082291348,28.713664736148196,0.0013107595732435,full,ABILENE,8,
0.0018381653342822,0.0162679541097265,0.0428738304129946,0.0916781264462634,0.3036036943729626,0.1471889082291348,28.713664736148196,0.0013107595732435,global_only,ABILENE,8,
0.0026284056908466,0.017340482617121,0.0512679791960505,0.1310912053357883,0.3102988365026605,0.156892912739058,28.864389675096657,0.0011172353988513,no_lightgbm_res,ABILENE,8,
0.0018372822100184,0.0162718251747477,0.0428635300694938,0.0916340808011754,0.3038321637237059,0.1472239327829479,28.411032841131775,0.0013085434911772,no_stwaveformer,ABILENE,8,
0.0018532476800016,0.0162603093869619,0.0430493632938003,0.0924303554064003,0.3035048374915941,0.1471197404413572,28.75872103208028,0.0013344468316063,no_xgboost,ABILENE,8,
0.0018381274993362,0.0162678415723858,0.0428733891748274,0.0916762394359383,0.3036037403923499,0.1471878900157681,28.71359371901637,0.0013107337290421,perflow_only,ABILENE,8,
0.0018649572178393,0.0164651854019717,0.043185150432057,0.0930143662516163,0.289155097490512,0.1489734140359735,28.42707108996747,0.0012012772494927,static_average,ABILENE,8,
0.0018502346466126,0.0162547151998756,0.043014353960192,0.0922800809719607,0.3086795403794149,0.1470691254541181,27.95237185215616,0.0013284768210723,best_single_val,ABILENE,9,lightgbm_res
0.0018612225775397,0.0164585578420455,0.0431418888962889,0.0928281018175975,0.3063185609874723,0.1489134493161823,28.59971243473981,0.001197955571115,context_gate,ABILENE,9,
0.0018322104898258,0.0162637138730769,0.0428043279333511,0.0913811297763467,0.3079520447322544,0.1471505434907735,28.775312867897892,0.0012998711317777,full,ABILENE,9,
0.0018322104898258,0.0162637138730769,0.0428043279333511,0.0913811297763467,0.3079520447322544,0.1471505434907735,28.775312867897892,0.0012998711317777,global_only,ABILENE,9,
0.0026445210987424,0.0173589014142285,0.0514249073770916,0.1318949580642552,0.3071360327375542,0.157059562006622,28.78692027440198,0.0011218531290069,no_lightgbm_res,ABILENE,9,
0.0018317053497876,0.0162674361654675,0.0427984269545934,0.0913559360185107,0.3081668836722371,0.1471842219822045,28.50837203952008,0.001298256102018,no_stwaveformer,ABILENE,9,
0.0018495181974528,0.0162510534606812,0.0430060251296584,0.0922443482141692,0.3082833191554536,0.1470359948348276,28.83609985061723,0.0013279019622132,no_xgboost,ABILENE,9,
0.0018321618895608,0.0162635867627725,0.0428037602268871,0.0913787058479009,0.3079526799814602,0.1471493934244035,28.775220589959662,0.0012998330639675,perflow_only,ABILENE,9,
0.0018694632774843,0.0164765691919403,0.0432372903577954,0.0932391050703703,0.2889567391645711,0.1490764120900427,28.4003006879115,0.0011994544183835,static_average,ABILENE,9,
0.0009179720529776,0.0058608945690244,0.0302980536169844,0.1648759688538402,1.5724487888094305,0.2790470218516928,86.11928069565924,0.0004549787554424,best_single_val,GEANT,0,xgboost
0.0008408622766962,0.005530391811874,0.028997625363057,0.1510263652289059,1.253855998253823,0.2633112311783676,82.54800588849395,0.0004465040983632,context_gate,GEANT,0,
0.0007185450444811,0.0054930540283307,0.0268056905242373,0.12905709927625,1.2663092170366104,0.2615335166712061,83.85088013396191,0.0004466982209123,full,GEANT,0,
0.0007185450444811,0.0054930540283307,0.0268056905242373,0.12905709927625,1.2663092170366104,0.2615335166712061,83.85088013396191,0.0004466982209123,global_only,GEANT,0,
0.0007531266667524,0.0054613482847127,0.0274431533675064,0.1352682670977782,1.1824740838348125,0.2600239530324149,83.23543710278061,0.0004489847051445,no_lightgbm_res,GEANT,0,
0.0007281095598671,0.0057358347831392,0.026983505329499,0.1307749715532497,1.5382882925506889,0.2730927156628224,84.1921422795839,0.0004453231231309,no_stwaveformer,GEANT,0,
0.000722909066366,0.0054743477416173,0.0268869683372075,0.1298409165330225,1.2165572649237788,0.2606428789817235,85.60427963804484,0.0004574878257699,no_xgboost,GEANT,0,
0.0007395450423671,0.0054944774373231,0.0271945774441732,0.132828886212621,1.2665618729245505,0.2616012875610487,83.85266761849611,0.0004454266745597,perflow_only,GEANT,0,
0.0007194812141902,0.0055237185842279,0.0268231469852107,0.1292252437064517,1.3066863602495895,0.262993507616059,83.62726895344703,0.0004457555769477,static_average,GEANT,0,
0.0009161430523779,0.0058656866979707,0.0302678551003862,0.1645474640317935,1.588404313384219,0.2792751831494367,86.74189796038952,0.0004560194793157,best_single_val,GEANT,1,xgboost
0.0008538535976004,0.005507560324171,0.0292207733915525,0.1533597223434637,1.2256199016657283,0.262224185749905,81.18522015914384,0.0004454170993994,context_gate,GEANT,1,
0.0007230426926335,0.0054310996620909,0.0268894531858418,0.1298649170026001,1.1827123687986298,0.2585837653685125,82.33813601838031,0.0004468175466172,full,GEANT,1,
0.0007230426926335,0.0054310996620909,0.0268894531858418,0.1298649170026001,1.1827123687986298,0.2585837653685125,82.33813601838031,0.0004468175466172,global_only,GEANT,1,
0.0007555225018717,0.005409980459184,0.0274867695786857,0.1356985804556035,1.1089251736555108,0.2575782446914817,80.9231927334569,0.0004493819142226,no_lightgbm_res,GEANT,1,
0.0007247508660182,0.0057343757641832,0.0269211973362669,0.1301717201790699,1.5442184939785235,0.2730232493228782,84.28219115618269,0.0004447228857316,no_stwaveformer,GEANT,1,
0.0007233378458721,0.0054228779554897,0.026894940897354,0.1299179291569628,1.146291245682144,0.25819231612564,85.28957312376667,0.0004553945618681,no_xgboost,GEANT,1,
0.0007385917830068,0.0054322000604409,0.0271770451485592,0.1326576723286138,1.1829746161684211,0.2586361571798335,82.34317131581084,0.0004459813062567,perflow_only,GEANT,1,
0.0007237568454452,0.0055067059427013,0.02690272933078,0.1299931852176797,1.2896246746800832,0.2621835072149426,81.43339331164941,0.0004440065240487,static_average,GEANT,1,
0.0009139937352479,0.0058682943232456,0.030232329305694,0.16416142750373,1.5658061813972173,0.2793993365629645,85.87189973546423,0.000454690598417,best_single_val,GEANT,2,xgboost
0.0008574321734317,0.0055133556651759,0.0292819427878646,0.1540024664829953,1.221610955032655,0.2625001116566053,81.7566172626909,0.0004448225954547,context_gate,GEANT,2,
0.0007289366332597,0.0054462930938523,0.0269988265163454,0.130923521311903,1.1873053316386497,0.2593071501410618,82.16317827786501,0.000447023921879,full,GEANT,2,
0.0007289366332597,0.0054462930938523,0.0269988265163454,0.130923521311903,1.1873053316386497,0.2593071501410618,82.16317827786501,0.000447023921879,global_only,GEANT,2,
0.0007656083227524,0.0054299626075908,0.0276696281643331,0.1375100838494121,1.1296693374581688,0.2585296282964022,81.94928498584025,0.0004480813513509,no_lightgbm_res,GEANT,2,
0.0007270188163716,0.0057360445119497,0.0269632864534651,0.1305790642922323,1.527917819957898,0.2731027012032995,83.89386985232878,0.000445757410489,no_stwaveformer,GEANT,2,
0.0007218293697118,0.0054300194827458,0.0268668823965834,0.1296469933832433,1.139954813669135,0.2585323362179347,84.34220469143916,0.0004565934941638,no_xgboost,GEANT,2,
0.0007458863643398,0.0054475611392342,0.0273109202397108,0.1339678442023258,1.187438090877638,0.2593675239087871,82.16619689472412,0.0004462009528651,perflow_only,GEANT,2,
0.0007261807115484,0.0055167079179497,0.0269477403792684,0.130428533190254,1.2858380697487384,0.2626597180344406,81.94211370741637,0.0004451025743037,static_average,GEANT,2,
0.0009094668430691,0.0058506833808522,0.0301573679731687,0.1633483572893809,1.5660857054250723,0.278560850053948,85.049716704894,0.00045418026275,best_single_val,GEANT,3,xgboost
0.0008512405667543,0.0055121013060319,0.0291760272613375,0.152890398695748,1.225962618734868,0.2624403895136195,84.00727367424336,0.0004451214335858,context_gate,GEANT,3,
0.0007197942865256,0.0054540721251228,0.0268289822118845,0.1292814742904352,1.212082614875016,0.2596775228688681,84.73852810390599,0.000445981422672,full,GEANT,3,
0.0007197942865256,0.0054540721251228,0.0268289822118845,0.1292814742904352,1.212082614875016,0.2596775228688681,84.73852810390599,0.000445981422672,global_only,GEANT,3,
0.0007553647928483,0.0054298267720994,0.0274839006119651,0.1356702545082675,1.1341328675208904,0.2585231609407973,84.37898961062457,0.0004480908974073,no_lightgbm_res,GEANT,3,
0.0007256193402529,0.0057277642704176,0.0269373224403054,0.1303277058982601,1.533849047272728,0.2727084650141792,83.63747285790988,0.0004447611281648,no_stwaveformer,GEANT,3,
0.0007226051010091,0.0054391317982359,0.0268813150907677,0.1297863216436151,1.1670589208400957,0.2589661888439688,86.20564834018523,0.0004562101967167,no_xgboost,GEANT,3,
0.0007385035276369,0.005455437445768,0.0271754213883976,0.1326418208769685,1.2123031323620264,0.2597425280750591,84.74138862481783,0.0004449144762475,perflow_only,GEANT,3,
0.0007202819757491,0.0054991270722812,0.0268380695235165,0.1293690676250712,1.2746960263485851,0.2618226644809827,84.64578685722142,0.000444591481937,static_average,GEANT,3,
0.0009138028344869,0.0058423925175867,0.0302291719120286,0.1641271400242643,1.553438473046726,0.278166108146282,84.12689828813697,0.0004528702120296,best_single_val,GEANT,4,xgboost
0.0008517552636361,0.0054878746741497,0.0291848464727177,0.1529828428467185,1.2018171281972054,0.2612869189304844,83.12370989989168,0.000443181808805,context_gate,GEANT,4,
0.0007238890448002,0.0054366673324093,0.0269051862063852,0.1300169294010398,1.1932349689133015,0.2588488514919196,83.31851695027423,0.0004440748307388,full,GEANT,4,
0.0007238890448002,0.0054366673324093,0.0269051862063852,0.1300169294010398,1.1932349689133015,0.2588488514919196,83.31851695027423,0.0004440748307388,global_only,GEANT,4,
0.0007617705607102,0.0054219981769727,0.0276001913165515,0.1368207875545111,1.128899890799041,0.2581504283946554,83.12995369782038,0.0004460901254788,no_lightgbm_res,GEANT,4,
0.0007279631152068,0.0057272205543926,0.0269807915971129,0.1307486687860074,1.535371885008049,0.2726825777821628,83.05038761051105,0.0004436834424268,no_stwaveformer,GEANT,4,
0.0007211820348001,0.0054249353758872,0.0268548326153817,0.1295307262590006,1.1552054778604393,0.2582902733620107,84.46501278355012,0.0004534911131486,no_xgboost,GEANT,4,
0.0007428510410485,0.0054382504034863,0.0272552938169557,0.1334226730646996,1.193399936778709,0.2589242241614375,83.32225121098344,0.0004431954002939,perflow_only,GEANT,4,
0.0007228818021703,0.005497963290587,0.0268864613173686,0.1298360196402935,1.2805590128890272,0.2617672548823237,83.58099950280062,0.0004422977508511,static_average,GEANT,4,
0.0009153479699728,0.0058560866019159,0.0302547181439995,0.1644046601398475,1.5578145848630809,0.2788181064724806,85.14327512783935,0.0004552956379484,best_single_val,GEANT,5,xgboost
0.0008557057000128,0.0055182683089935,0.0292524477610479,0.1536923764571334,1.2299991023272907,0.2627340108695291,81.7771624400068,0.0004447822866495,context_gate,GEANT,5,
0.0007241757278791,0.005442329807348,0.0269105133336243,0.1300684202391716,1.1842060050842669,0.2591184514223327,82.5716387113062,0.0004460314812604,full,GEANT,5,
0.0007241757278791,0.005442329807348,0.0269105133336243,0.1300684202391716,1.1842060050842669,0.2591184514223327,82.5716387113062,0.0004460314812604,global_only,GEANT,5,
0.0007564733000632,0.0054250312297024,0.0275040597014926,0.1358693522917397,1.122682394149522,0.258294837122941,82.080927923504,0.0004484960227273,no_lightgbm_res,GEANT,5,
0.0007256529404507,0.0057331842739184,0.0269379461067601,0.1303337407934806,1.523076103996757,0.2729665204726925,83.41728616680085,0.0004442662466317,no_stwaveformer,GEANT,5,
0.0007223072337799,0.0054343265142061,0.0268757741056875,0.1297328220323322,1.1471380941141427,0.2587374012106382,84.62349415532915,0.0004546677810139,no_xgboost,GEANT,5,
0.0007411955092452,0.0054438816242001,0.0272249060465833,0.133125324785793,1.184432156652888,0.2591923360257734,82.57722427160006,0.0004451980348676,perflow_only,GEANT,5,
0.0007230795756908,0.005514266058304,0.0268901390046772,0.1298715415286783,1.2845398832559978,0.262543457000583,82.40291205080823,0.0004435056762304,static_average,GEANT,5,
0.0009186927814474,0.0058922713296983,0.0303099452564239,0.1650054181157707,1.6154352536357115,0.280540922060663,88.20253144851772,0.0004562725080177,best_single_val,GEANT,6,xgboost
0.0008494043125274,0.0054999276483881,0.0291445417278685,0.1525605910575631,1.2101891059972183,0.2618607812523668,81.4583196730423,0.0004454682639334,context_gate,GEANT,6,
0.0007266033739283,0.0054375793131086,0.0269555814986128,0.1305044471237541,1.1807710795057795,0.2588922724228286,80.25026144284013,0.0004465720558073,full,GEANT,6,
0.0007266033739283,0.0054375793131086,0.0269555814986128,0.1305044471237541,1.1807710795057795,0.2588922724228286,80.25026144284013,0.0004465720558073,global_only,GEANT,6,
0.0007582527745517,0.0054186072472334,0.0275363900058044,0.1361889617824535,1.1179994462369132,0.2579889805416138,79.72911734912341,0.0004484727396629,no_lightgbm_res,GEANT,6,
0.0007286119423384,0.0057513130291354,0.0269928127904163,0.130865203926264,1.5503070616225845,0.2738296609188486,85.33359718881935,0.0004462649812921,no_stwaveformer,GEANT,6,
0.0007220119262201,0.0054264725446696,0.026870279608149,0.1296797821604982,1.1389905101955216,0.2583634605462767,85.02106971007389,0.0004552399041131,no_xgboost,GEANT,6,
0.0007450506804624,0.0054391535237987,0.0272956165063633,0.1338177479238022,1.1809663262892225,0.2589672232344603,80.25497457618042,0.0004457831091713,perflow_only,GEANT,6,
0.0007247719788161,0.0055177764348694,0.0269215894556057,0.1301755122259052,1.2926941276664297,0.2627105919173808,81.14396744426553,0.0004446112434379,static_average,GEANT,6,
0.0009110529711973,0.0058629111898375,0.0301836540398496,0.1636332400491773,1.572891587770846,0.2791430365514066,85.38057514130207,0.0004543136165011,best_single_val,GEANT,7,xgboost
0.0008525273743416,0.0055097365225256,0.0291980714147632,0.1531215208165104,1.2246942134099426,0.2623277982040548,82.46071962062383,0.0004442916542757,context_gate,GEANT,7,
0.0007186698815646,0.0054524197873086,0.0268080189787424,0.1290795211299577,1.2125751763486263,0.2595988522938008,82.89562468160305,0.0004449294647201,full,GEANT,7,
0.0007186698815646,0.0054524197873086,0.0268080189787424,0.1290795211299577,1.2125751763486263,0.2595988522938008,82.89562468160305,0.0004449294647201,global_only,GEANT,7,
0.0007595101230765,0.0054278157342912,0.0275592112201447,0.1364147927928182,1.1325834181058734,0.2584274120573117,82.06201081294967,0.0004472589353099,no_lightgbm_res,GEANT,7,
0.0007213609324686,0.0057297363845491,0.0268581632370608,0.1295628578759854,1.530396497319794,0.2728023606761198,83.7861016212575,0.0004443343204911,no_stwaveformer,GEANT,7,
0.0007207527246577,0.0054388558306623,0.026846838261847,0.1294536183280595,1.1702525069849954,0.258953049564867,85.17085118396233,0.0004534178005997,no_xgboost,GEANT,7,
0.0007330523045176,0.0054532611085412,0.0270749386798494,0.1316627325808383,1.2127738474403358,0.2596389090089711,82.89830879255418,0.0004439791373442,perflow_only,GEANT,7,
0.0007224320720861,0.0055080181783795,0.0268780965115859,0.1297552441056575,1.2864193850667738,0.2622459849568027,82.80739518038457,0.000442820135504,static_average,GEANT,7,
0.0009197457317465,0.0058827946413627,0.0303273099985236,0.1651945373816155,1.609888540485827,0.2800897210322313,87.654706234914,0.0004565727722365,best_single_val,GEANT,8,xgboost
0.0008526760079799,0.0055025845229685,0.0292006165684899,0.1531482167437437,1.2086954720325225,0.2619872795079419,81.0497144387033,0.0004464710655156,context_gate,GEANT,8,
0.0007230674797339,0.0054486726959295,0.0268899140893743,0.1298693689869203,1.191999450082749,0.2594204469876446,82.10488486085823,0.0004469021805562,full,GEANT,8,
0.0007230674797339,0.0054486726959295,0.0268899140893743,0.1298693689869203,1.191999450082749,0.2594204469876446,82.10488486085823,0.0004469021805562,global_only,GEANT,8,
0.0007572783099912,0.0054245417719515,0.0275186901939622,0.1360139392553475,1.1189110695722793,0.2582715332183749,80.94766835685431,0.0004494655586313,no_lightgbm_res,GEANT,8,
0.000726539997059,0.0057443065342879,0.0269544058932675,0.13049306407271,1.5445602289582676,0.2734960699460402,84.78538818910732,0.000446125952294,no_stwaveformer,GEANT,8,
0.0007209585944988,0.0054415565616608,0.0268506721424029,0.1294905943878313,1.1541387066253237,0.2590816358980778,85.37538991572234,0.0004554593760985,no_xgboost,GEANT,8,
0.0007409447291819,0.0054504711606696,0.0272202999465835,0.1330802824495105,1.1922468987014323,0.2595060749107745,82.11061544043035,0.0004459634365048,perflow_only,GEANT,8,
0.0007233218319078,0.0055155446725952,0.0268946431823857,0.1299150529061289,1.286617181209399,0.2626043339718132,81.50022429471764,0.000444903562311,static_average,GEANT,8,
0.0009171926167544,0.0058675974987498,0.0302851880752702,0.1647359751557331,1.5747789637213023,0.2793661595798224,86.2716791718193,0.0004562619142234,best_single_val,GEANT,9,xgboost
0.0008577788390431,0.0055128621072914,0.0292878616331596,0.1540647307189813,1.2246105973303316,0.2624766125377998,81.28886446765917,0.000445872254204,context_gate,GEANT,9,
0.0007244648938133,0.0054537110211679,0.0269158855290574,0.1301203570202514,1.2079697267091127,0.2596603301038374,82.06002857115207,0.000445929414127,full,GEANT,9,
0.0007244648938133,0.0054537110211679,0.0269158855290574,0.1301203570202514,1.2079697267091127,0.2596603301038374,82.06002857115207,0.000445929414127,global_only,GEANT,9,
0.0007627044461089,0.0054330593819151,0.0276171042310557,0.1369885217022095,1.137768922054895,0.2586770709166969,81.19167686643863,0.0004484268720261,no_lightgbm_res,GEANT,9,
0.0007271672598298,0.0057362602884907,0.0269660390089066,0.1306057260614228,1.5316641092645222,0.2731129746863761,84.14711295168318,0.0004452766443137,no_stwaveformer,GEANT,9,
0.0007212237048693,0.0054386216402566,0.0268556084434766,0.1295382105751112,1.164551399100793,0.2589418993668048,85.11613976716593,0.000454473280115,no_xgboost,GEANT,9,
0.0007435401852353,0.0054553868182862,0.0272679332776674,0.1335464495076749,1.2081000422625323,0.2597401176157231,82.06499961587264,0.0004450156993698,perflow_only,GEANT,9,
0.000724732176646,0.0055124956585388,0.0269208502214551,0.1301683634011168,1.2876350714846283,0.2624591652979862,81.81436575701721,0.0004443017533048,static_average,GEANT,9,
0.0047702120286003,0.0403566892241,0.0690667215712485,0.0456755840694442,0.2138219037130179,0.0802984844736739,28.77120380845056,0.0046678688377141,best_single_val,SDN,0,lightgbm_res
0.0047362403294422,0.0401351353104462,0.0688203482223263,0.0453502993249559,0.2117930663151756,0.0798576543699748,29.56896636954736,0.004634166136384,context_gate,SDN,0,
0.0040736960810018,0.03845550557796,0.0638255127750793,0.0390063264914785,0.2046092317451986,0.076515662631093,28.58375828794642,0.0039714253507554,full,SDN,0,
0.0047310641431232,0.0401016445380771,0.0687827314311032,0.0453007364686397,0.2114104546010467,0.0797910171329567,29.51631504072003,0.0046290010213851,global_only,SDN,0,
0.0049064731767488,0.042322094115064,0.0700462217164412,0.0469803075262506,0.2193569135344654,0.0842090885682067,29.299815701782386,0.0048049134202301,no_lightgbm_res,SDN,0,
0.004728372298736,0.0400847522494426,0.0687631609129193,0.0452749616049912,0.2113500958598061,0.0797574062198041,28.91531293929464,0.0046262848190963,no_stwaveformer,SDN,0,
0.0042117145026349,0.0391484402389554,0.0648977234010176,0.0403278761380437,0.210032397207743,0.077894408117578,28.87918072529975,0.0041093314066529,no_xgboost,SDN,0,
0.0040736960810018,0.03845550557796,0.0638255127750793,0.0390063264914785,0.2046092317451986,0.076515662631093,28.58375828794642,0.0039714253507554,perflow_only,SDN,0,
0.0064125713225468,0.0467522284995523,0.0800785322202326,0.0614014510860715,0.2320834339485057,0.093023812568824,30.49567305082818,0.0063150501810014,static_average,SDN,0,
0.0046934732463447,0.0399083811812801,0.0685089282235881,0.044940797297014,0.2107215196215478,0.0794064772969727,29.606430592775894,0.0045906663872301,best_single_val,SDN,1,lightgbm_res
0.0046576271816927,0.0396857148884896,0.0682468107803778,0.0445975651870455,0.2088705293766783,0.0789634338710076,29.45704827878135,0.004555279854685,context_gate,SDN,1,
0.0039746517194431,0.0378919784168068,0.0630448389596102,0.0380579600381947,0.2016474339785476,0.0753944017479448,28.430250139452536,0.0038721503224223,full,SDN,1,
0.0046524498863583,0.0396538611281718,0.0682088695578394,0.0445479917117202,0.2086168948760578,0.0789000538285046,29.43636031152964,0.004550231155008,global_only,SDN,1,
0.0048090367336765,0.0418010816194383,0.0693472186441281,0.0460473371634461,0.2186865587921776,0.0831724199366877,29.56629670135905,0.004708619788289,no_lightgbm_res,SDN,1,
0.0046498591628922,0.0396379293531396,0.0681898758093326,0.0445231850979326,0.208581659077337,0.0788683540678292,29.43400912244489,0.0045476546511054,no_stwaveformer,SDN,1,
0.0041046111085223,0.0385257705168002,0.0640672389644066,0.0393023430899145,0.2063490183700616,0.076655470137828,28.7014322798782,0.0040016621351242,no_xgboost,SDN,1,
0.0039746517194431,0.0378919784168068,0.0630448389596102,0.0380579600381947,0.2016474339785476,0.0753944017479448,28.430250139452536,0.0038721503224223,perflow_only,SDN,1,
0.0062918622759579,0.0461529354885178,0.0793212599241711,0.0602456416226016,0.2267134854846885,0.091831387682964,30.32025848978428,0.0061873747035861,static_average,SDN,1,
0.0047121957888827,0.0400064509257898,0.0686454353098786,0.0451200687970144,0.2133463891221554,0.079601608562898,29.67253457010564,0.0046085650101304,best_single_val,SDN,2,lightgbm_res
0.0046745432493042,0.0397854311797115,0.0683706314824156,0.0447595393851911,0.2114645592138477,0.0791618413027469,29.533298986215733,0.0045715775340795,context_gate,SDN,2,
0.0040017089517316,0.0380412973642945,0.06325906221034,0.0383170375971521,0.2043733039420734,0.0756915045434661,28.530155205750013,0.003898766124621,full,SDN,2,
0.0046700119116634,0.0397641969869064,0.0683374854063522,0.0447161510636403,0.2113288699485475,0.0791195912189554,29.523323255860017,0.0045671258121728,global_only,SDN,2,
0.0048435374507711,0.0419741755256206,0.0695955275198854,0.0463776873438287,0.220655614842486,0.0835168282269933,29.467270416751607,0.0047428081743419,no_lightgbm_res,SDN,2,
0.004667478525763,0.0397490379809336,0.0683189470481146,0.0446918934667083,0.2112969302166317,0.0790894290518117,29.520969045502344,0.0045645819045603,no_stwaveformer,SDN,2,
0.0041278312766577,0.0386544530466544,0.0642482005713605,0.0395246801129684,0.2090704964654727,0.0769115122543692,28.780260704081755,0.0040241312235593,no_xgboost,SDN,2,
0.0040017089517316,0.0380412973642945,0.06325906221034,0.0383170375971521,0.2043733039420734,0.0756915045434661,28.530155205750013,0.003898766124621,perflow_only,SDN,2,
0.0062505059238122,0.0457993084197081,0.0790601411825973,0.0598496475812653,0.2261156927291679,0.0911277690700345,30.23820346317129,0.0061510177329182,static_average,SDN,2,
0.0047369109540617,0.0401582427282803,0.0688252203342769,0.0453567206687042,0.2142550345757218,0.0799036316458082,29.72883645845664,0.004632843658328,best_single_val,SDN,3,lightgbm_res
0.0047017300552269,0.0399369819221364,0.0685691625676367,0.0450198576335326,0.2119999971725203,0.0794633847437861,29.583603908024376,0.0045979642309248,context_gate,SDN,3,
0.0040332403705388,0.0382176324460163,0.0635077977144448,0.0386189562460341,0.204095380724969,0.0760423618633809,28.56349469541317,0.0039294059388339,full,SDN,3,
0.0046974107982474,0.039908964404423,0.0685376597079842,0.0449785000200546,0.2115918731381208,0.0794076377473313,29.56298538830581,0.0045936740934848,global_only,SDN,3,
0.0048631562476101,0.0420977464519864,0.0697363337694933,0.0465655406298022,0.2180073845615813,0.0837626996872877,29.62404638632196,0.0047599859535694,no_lightgbm_res,SDN,3,
0.0046948971108454,0.0398938836830654,0.0685193192526416,0.0449544310395634,0.2115511223965862,0.0793776313445994,29.560649960955203,0.0045911455526947,no_stwaveformer,SDN,3,
0.0041574025929825,0.0388368406114776,0.0644779232992389,0.0398078304502569,0.2100773084099141,0.0772744123168797,28.846937806007933,0.0040532667189836,no_xgboost,SDN,3,
0.0040332403705388,0.0382176324460163,0.0635077977144448,0.0386189562460341,0.204095380724969,0.0760423618633809,28.56349469541317,0.0039294059388339,perflow_only,SDN,3,
0.0062923658475689,0.0460343415701801,0.0793244341143945,0.0602504634056408,0.227337258249633,0.0915954190717275,30.313011609292072,0.0061915824189782,static_average,SDN,3,
0.0047780906321192,0.0402158669815697,0.0691237342171214,0.0457510230258719,0.2134486776163975,0.0800182877362117,28.728768367750423,0.0046724192798137,best_single_val,SDN,4,lightgbm_res
0.0047362022752452,0.0399611925820393,0.0688200717468768,0.0453499349496068,0.2113633806175103,0.0795115571616848,29.549438721012155,0.0046314182691276,context_gate,SDN,4,
0.0040265877472375,0.038106522505154,0.0634553996696695,0.0385552562567966,0.2037940032102182,0.075821284266761,28.500903220289143,0.0039215609431266,full,SDN,4,
0.0047319488364815,0.039935183694906,0.0687891622022067,0.0453092075566368,0.2111306196088206,0.0794598067763135,29.52175096033785,0.004627295769751,global_only,SDN,4,
0.0048530281363371,0.0418778756217898,0.0696636787453628,0.046468562257532,0.2190644362572783,0.0833252184472704,29.52751238012596,0.0047518964856863,no_lightgbm_res,SDN,4,
0.0047292924332437,0.0399186649423211,0.0687698511939918,0.0452837720479677,0.2110641583751544,0.0794269390950576,28.56207587913597,0.0046246340498328,no_stwaveformer,SDN,4,
0.0041826053112091,0.0387836208219523,0.0646730648045164,0.0400491507245419,0.2089993407964157,0.0771685198731474,28.796842519349504,0.0040768533945083,no_xgboost,SDN,4,
0.0040265877472375,0.038106522505154,0.0634553996696695,0.0385552562567966,0.2037940032102182,0.075821284266761,28.500903220289143,0.0039215609431266,perflow_only,SDN,4,
0.0063661043581279,0.0465824972660697,0.0797878709963359,0.0609565220709581,0.2356496821046881,0.0926860950533751,30.5308564217156,0.0062641026452183,static_average,SDN,4,
0.0047264448394527,0.0400448736426431,0.0687491442816035,0.0452565058575304,0.2129969223878993,0.07967805898517,29.63438750025449,0.0046228854916989,best_single_val,SDN,5,lightgbm_res
0.0046787188532517,0.0397370613336434,0.0684011611981243,0.0447995214966784,0.2100816398938549,0.0790655988852403,29.454411137572198,0.0045760213397443,context_gate,SDN,5,
0.0039880315879995,0.0379351295383964,0.0631508637153885,0.0381860745344522,0.2017429110558131,0.0754802603685007,28.41959455817692,0.0038851352874189,full,SDN,5,
0.004673709327542,0.0397070335752181,0.0683645326725934,0.0447515544437823,0.2096713699224486,0.0790058520739917,29.43522938962947,0.0045711630955338,global_only,SDN,5,
0.0047645205834791,0.0416009534277623,0.0690255067600315,0.0456210875232631,0.2152103705335076,0.0827742210060766,29.405491130961305,0.0046648425050079,no_lightgbm_res,SDN,5,
0.0046710518565821,0.0396903834956323,0.068345093873534,0.0447261087114932,0.2096211670738405,0.078972723088864,29.43212403448524,0.0045685013756155,no_stwaveformer,SDN,5,
0.004143567358263,0.038701829127853,0.0643705472888262,0.0396753557462473,0.2087599977806958,0.0770057773587098,28.744349739074348,0.0040399273857474,no_xgboost,SDN,5,
0.0039880315879995,0.0379351295383964,0.0631508637153885,0.0381860745344522,0.2017429110558131,0.0754802603685007,28.41959455817692,0.0038851352874189,perflow_only,SDN,5,
0.0062995306861111,0.0461672644772204,0.079369582877266,0.0603190679421309,0.2278962917690105,0.0918598983487044,30.318199906451287,0.006198976188898,static_average,SDN,5,
0.0047343711961631,0.0401337608946673,0.0688067670811757,0.0453324020588147,0.212532706988103,0.0798549196683379,29.625569110698173,0.0046364129520952,best_single_val,SDN,6,lightgbm_res
0.0046987763706243,0.039872855281957,0.068547621188662,0.0449915756056949,0.2103524029261071,0.0793357907285239,29.483143002906072,0.0046003460884094,context_gate,SDN,6,
0.0040016135080321,0.0380181053485804,0.063258307818279,0.0383161237076445,0.2022350470437547,0.0756453589415959,28.436117368026764,0.0039031435735523,full,SDN,6,
0.0046944322873096,0.0398335132396642,0.0685159272527899,0.044949980275874,0.2099310834506192,0.0792575111066583,29.459835834596777,0.0045958179980516,global_only,SDN,6,
0.0048191652976324,0.0417763365418227,0.0694202081359058,0.0461443198702314,0.2175102715786486,0.083123184177538,29.558939752173707,0.004717101342976,no_lightgbm_res,SDN,6,
0.0046918463011053,0.0398171796923805,0.068497053229357,0.0449252190221675,0.2098747329179724,0.0792250119319692,29.45662384950836,0.0045932219363749,no_stwaveformer,SDN,6,
0.0041437591163465,0.0387395857146325,0.0643720367577925,0.0396771918622133,0.2081709372552001,0.0770809023691004,28.719580756091727,0.0040456913411617,no_xgboost,SDN,6,
0.0040016135080321,0.0380181053485804,0.063258307818279,0.0383161237076445,0.2022350470437547,0.0756453589415959,28.436117368026764,0.0039031435735523,perflow_only,SDN,6,
0.0063141408049342,0.0462116848302958,0.0794615681001466,0.0604589622920184,0.2300590078668262,0.0919482823836765,30.36041348312078,0.006214968394488,static_average,SDN,6,
0.0047415272132548,0.0401637868259954,0.0688587482695907,0.0454009221284289,0.2125571406173809,0.079914662844176,29.6752252246954,0.0046365992166101,best_single_val,SDN,7,lightgbm_res
0.0047076660888517,0.0399356210715054,0.0686124339230995,0.0450766961558538,0.2106551155865426,0.0794606770329861,29.53500153941936,0.0046036564745008,context_gate,SDN,7,
0.0040466316651052,0.0383002141888601,0.063613140663744,0.0387471801482634,0.2038429118600378,0.0762066763530737,28.57441393970809,0.0039424737915396,full,SDN,7,
0.0047026915088921,0.0398993797428488,0.0685761730405842,0.0450290637144046,0.2103579935457188,0.0793885669609661,29.514829813167104,0.0045988727360963,global_only,SDN,7,
0.0048596078336055,0.0420899414129363,0.069710887482556,0.046531563967715,0.2193096731055121,0.0837471698502513,29.29167450306178,0.004759641829878,no_lightgbm_res,SDN,7,
0.0047000673737331,0.0398823064113955,0.0685570373756998,0.0450039371780267,0.2103014310999562,0.079354595823418,29.511840875805827,0.0045962305739521,no_stwaveformer,SDN,7,
0.0041855491516468,0.0389680421136486,0.0646958202022889,0.040077338492841,0.2088001172845527,0.0775354664813207,28.84044303600863,0.0040805921889841,no_xgboost,SDN,7,
0.0040466316651052,0.0383002141888601,0.063613140663744,0.0387471801482634,0.2038429118600378,0.0762066763530737,28.57441393970809,0.0039424737915396,perflow_only,SDN,7,
0.0063729404437671,0.0465797047033243,0.0798306986300832,0.0610219787429989,0.2314072120751475,0.0926805386373123,30.45102441270461,0.0062748347409069,static_average,SDN,7,
0.0047224835759317,0.0400166945711397,0.0687203286948757,0.0452185760917487,0.2118167630285504,0.0796219905420171,29.638537633113803,0.0046227225102484,best_single_val,SDN,8,lightgbm_res
0.0046895475818302,0.03980003037328,0.0684802714789465,0.0449032083977184,0.2100683797518237,0.079190889600331,29.493441231362112,0.0045895357616245,context_gate,SDN,8,
0.0039977647217451,0.0379696443048954,0.0632278793076693,0.0382792709303339,0.2026834766342222,0.0755489350664284,28.450152753415804,0.003897754708305,full,SDN,8,
0.0046849493843279,0.0397726177532485,0.0684466900903756,0.0448591798817268,0.209860417030414,0.0791363461804842,29.475397380893877,0.0045848549343645,global_only,SDN,8,
0.0048747961308029,0.0420485911850654,0.0698197402659376,0.046676994472974,0.2195989513764414,0.0836648945027311,29.59175432824776,0.0047723492607474,no_lightgbm_res,SDN,8,
0.0046822930306496,0.0397563483578986,0.0684272827945816,0.0448337448475978,0.2098174528831768,0.0791039746501377,29.47246172984971,0.0045821871608495,no_stwaveformer,SDN,8,
0.0041323247546645,0.0386243435517071,0.0642831607395323,0.0395677059221425,0.2074298654211431,0.076851602810383,28.731237601142933,0.0040324628353118,no_xgboost,SDN,8,
0.0039977647217451,0.0379696443048954,0.0632278793076693,0.0382792709303339,0.2026834766342222,0.0755489350664284,28.450152753415804,0.003897754708305,perflow_only,SDN,8,
0.0063189994387857,0.0462166841911416,0.0794921344460305,0.0605054845299438,0.2283671642850286,0.0919582297085679,30.347724513815503,0.0062190596945583,static_average,SDN,8,
0.004722048771496,0.0400753206491539,0.0687171650426299,0.0452144127660017,0.2135711067188704,0.0797386399824366,29.695428184110398,0.0046175625175237,best_single_val,SDN,9,lightgbm_res
0.0046828449903611,0.0398224907296813,0.0684313158602193,0.0448390299548535,0.2116504399836501,0.0792355794055265,29.557840021250087,0.0045789689756929,context_gate,SDN,9,
0.0040431014847901,0.0382660465461143,0.0635853873526782,0.0387133780768255,0.2051860187150949,0.076138692333986,28.62553386667744,0.0039391661994159,full,SDN,9,
0.0046789929427489,0.0397891449972308,0.0684031647129641,0.044802145949804,0.2113449516564002,0.0791692307572376,29.541103266316217,0.0045752376317977,global_only,SDN,9,
0.0048653900383483,0.0419943291671911,0.0697523479056318,0.0465869295525673,0.22016119116391,0.083556928317111,29.456958228685952,0.0047639431431889,no_lightgbm_res,SDN,9,
0.0046762806809236,0.0397715153469818,0.0683833362810241,0.0447761755857455,0.2112850971512127,0.0791341527014303,29.53808542251713,0.0045725083909928,no_stwaveformer,SDN,9,
0.0041681504893335,0.0388898537239273,0.0645612150546556,0.0399107433690967,0.209855170793684,0.0773798935312407,28.86528921535245,0.0040636183694005,no_xgboost,SDN,9,
0.0040431014847901,0.0382660465461143,0.0635853873526782,0.0387133780768255,0.2051860187150949,0.076138692333986,28.62553386667744,0.0039391661994159,perflow_only,SDN,9,
0.0063775537013754,0.0465851138748866,0.079859587410501,0.0610661514620431,0.2329823520994485,0.0926913013705061,30.47756761900652,0.0062783844769001,static_average,SDN,9,
