dataset,config,runs,mean_mse,std_mse,mean_mae,mean_mse_in_range,description
ABILENE,best_single_val,10,1.85542242525322,0.005675833224806578,16.27128923866768,1.3341556652448399,Chọn một nhánh tốt nhất theo MSE Validation
ABILENE,context_gate,10,1.8565126398766303,0.01172488284812321,16.44401252117571,1.2065487913786899,Cổng MLP ngữ cảnh (v2) thay cho stacking
ABILENE,full,10,1.8441723347209997,0.007063995499534778,16.273085280756167,1.3172917533665398,Đầy đủ: 3 nhánh + stacking bền vững theo luồng (cấu hình chọn bằng CV)
ABILENE,global_only,10,1.8441723347209997,0.007063995499534778,16.273085280756167,1.3172917533665398,Chỉ trọng số chung toàn mạng
ABILENE,no_lightgbm_res,10,2.64113288497675,0.009848090501068081,17.35646219493476,1.1194756021722698,Bỏ nhánh LightGBM-Residual
ABILENE,no_stwaveformer,10,1.8426249331778703,0.00673778365055021,16.27679099472646,1.31426325533534,Bỏ nhánh học sâu (chỉ 2 nhánh học máy)
ABILENE,no_xgboost,10,1.8544972708667598,0.00560313175905898,16.26733716222089,1.3333890121429701,Bỏ nhánh xgboost (champion)
ABILENE,perflow_only,10,1.8441501402752398,0.007077089466332775,16.27302334255481,1.31727587431666,Luôn dùng trọng số theo luồng
ABILENE,static_average,10,1.86547583273741,0.0066293185320843275,16.478486379425,1.19666728423904,Trung bình tĩnh 1/K
GEANT,best_single_val,10,0.9153410589277801,0.0033116687248463668,5.86496127502438,0.45514557568818,Chọn một nhánh tốt nhất theo MSE Validation
GEANT,context_gate,10,0.85232361120235,0.004844039894542949,5.5094662891569595,0.44519325601862997,Cổng MLP ngữ cảnh (v2) thay cho stacking
GEANT,full,10,0.7231189058619301,0.003354676869177928,5.44958988666686,0.44609605392902996,Đầy đủ: 3 nhánh + stacking bền vững theo luồng (cấu hình chọn bằng CV)
GEANT,global_only,10,0.7231189058619301,0.003354676869177928,5.44958988666686,0.44609605392902996,Chỉ trọng số chung toàn mạng
GEANT,no_lightgbm_res,10,0.75856117987265,0.0038458346062419887,5.42821716656532,0.44827491219616,Bỏ nhánh LightGBM-Residual
GEANT,no_stwaveformer,10,0.7262794769863101,0.0021182788516633686,5.735604039446379,0.44505161349656996,Bỏ nhánh học sâu (chỉ 2 nhánh học máy)
GEANT,no_xgboost,10,0.72191176017849,0.000878135001429752,5.43711454454313,0.45524353336073,Bỏ nhánh xgboost (champion)
GEANT,perflow_only,10,0.74091611670415,0.003763110797350535,5.45100807217483,0.44516582274806005,Luôn dùng trọng số theo luồng
GEANT,static_average,10,0.723092018425,0.002026528017401328,5.511232381043399,0.44418962788762995,Trung bình tĩnh 1/K
SDN,best_single_val,10,4.73377582463069,0.025321147092758484,40.10800676246193,4.630854586139261,Chọn một nhánh tốt nhất theo MSE Validation
SDN,context_gate,10,4.69638969758302,0.025509952631448285,39.867251467289016,4.5938934665172795,Cổng MLP ngữ cảnh (v2) thay cho stacking
SDN,full,10,4.01870278376248,0.03086448961860374,38.12020762370782,3.9160982239990907,Đầy đủ: 3 nhánh + stacking bền vững theo luồng (cấu hình chọn bằng CV)
SDN,global_only,10,4.691766102669431,0.025542995979780606,39.83655400606948,4.58932742476456,Chỉ trọng số chung toàn mạng
SDN,no_lightgbm_res,10,4.8458711629011795,0.03961239746187113,41.958312506867685,4.744610190391489,Bỏ nhánh LightGBM-Residual
SDN,no_stwaveformer,10,4.6891438774474,0.025523180173512846,39.820200151319106,4.586695041507429,Bỏ nhánh học sâu (chỉ 2 nhánh học máy)
SDN,no_xgboost,10,4.15575156622608,0.03185611298927282,38.78727794676083,4.05275369994338,Bỏ nhánh xgboost (champion)
SDN,perflow_only,10,4.01870278376248,0.03086448961860374,38.12020762370782,3.9160982239990907,Luôn dùng trọng số theo luồng
SDN,static_average,10,6.32965748029872,0.050240134563037615,46.30817633208967,6.22953511774535,Trung bình tĩnh 1/K
