Dataset,Model,Seq_Len,MSE (x10^-3),MAE (x10^-3),RMSE,RSE,MAPE,Inference Time (ms)
SDN,ST-Adaptive-Ensemble,60,4.02197697399056,38.14258726204632,0.06341852226582875,0.0385111073259312,0.20370387072020138,14.709305164103744
SDN,ST-WaveFormer,60,15.073309279978227,64.49193432927129,0.1227685712277889,0.1443294897675514,0.2923455864191055,5.038690405227068
SDN,XGBoost,60,5.51070167216728,43.509392111556394,0.0742338588732663,0.05276589719693412,0.22394528218809207,2.9070281199710735
SDN,LightGBM,60,5.542815149452559,39.13447226284574,0.07429293750028236,0.05307338915383508,0.20535537624499223,6.587522079998962
SDN,CatBoost,60,8.437384321190121,55.752358039974226,0.09185517291815433,0.08078937677783009,0.30902503432825046,1.2619199599976128
GEANT,ST-Adaptive-Ensemble,24,0.7231189058619301,5.44958988666686,0.02689080520741054,0.12987860557822833,1.201916593899274,12.268116430615704
GEANT,ST-WaveFormer,24,0.73685656534502,5.39819323457773,0.02714502252638335,0.1323460146784782,0.949700403213501,4.472608388247115
GEANT,XGBoost,24,0.9153410589277801,5.86496127502438,0.030254559342232874,0.1644034188545153,1.5776992392539433,1.055477859997609
GEANT,LightGBM,24,0.9200263239582901,6.00641057902961,0.030331901253397537,0.1652449342456846,1.6847170035509897,8.38140137996561
GEANT,CatBoost,24,0.9146742264383,5.901956882655321,0.030243542871540668,0.1642836497913815,1.6402928852787593,1.4997534600115614
ABILENE,ST-Adaptive-Ensemble,24,1.8462605691108198,16.28494922642854,0.042968073487568315,0.09208187465562845,0.30661367159866676,13.998606147889708
ABILENE,ST-WaveFormer,24,1.9719971809535703,16.93261861801142,0.044406922906637135,0.09835296869277951,0.28136048316955564,4.483505939343559
ABILENE,XGBoost,24,2.7637576807796003,17.46105319703346,0.0525713383337731,0.13784185861838494,0.31169495057682556,2.5936422000813764
ABILENE,LightGBM,24,2.9261987223529,17.655881830226377,0.05409331228439673,0.14594357290473248,0.3129868389613404,6.9934406001266325
ABILENE,CatBoost,24,2.7092973674293597,17.4757212539016,0.052049843884086976,0.1351256614404111,0.31525222688952015,1.444313880201662
