Dataset,Model,Runs,MSE (x10^-3),MSE 95% CI,MAE (x10^-3),RMSE,MSE trong biên Train (x10^-3),Inference Time (ms/lô 64),Tốt nhất
SDN,ST-Adaptive-Ensemble v3 (đề xuất),10,4.019 ± 0.031,"[3.997, 4.041]",38.120 ± 0.183,0.0634,3.916,29.25,★
SDN,ST-WaveFormer (nhánh học sâu),10,15.073 ± 0.282,"[14.871, 15.275]",64.492 ± 1.037,0.1228,14.971,5.04,
SDN,"XGBoost (nhánh học máy 1, champion)",10,5.509 ± 0.032,"[5.486, 5.532]",43.449 ± 0.157,0.0742,5.408,3.05,
SDN,LightGBM-Residual (nhánh học máy 2),10,4.734 ± 0.025,"[4.716, 4.752]",40.108 ± 0.126,0.0688,4.631,21.13,
SDN,LightGBM (đối chứng),10,5.780 ± 0.836,"[5.182, 6.377]",39.524 ± 1.162,0.0758,,4.68,
SDN,CatBoost (đối chứng),10,8.425 ± 0.024,"[8.408, 8.442]",55.739 ± 0.056,0.0918,,1.35,
GEANT,ST-Adaptive-Ensemble v3 (đề xuất),10,0.723 ± 0.003,"[0.721, 0.726]",5.450 ± 0.017,0.0269,0.446,12.27,★
GEANT,ST-WaveFormer (nhánh học sâu),10,0.737 ± 0.004,"[0.734, 0.740]",5.398 ± 0.008,0.0271,0.468,4.47,
GEANT,"XGBoost (nhánh học máy 1, champion)",10,0.915 ± 0.003,"[0.913, 0.918]",5.865 ± 0.015,0.0303,0.455,1.06,
GEANT,LightGBM-Residual (nhánh học máy 2),10,0.751 ± 0.001,"[0.751, 0.752]",5.758 ± 0.005,0.0274,0.464,6.64,
GEANT,LightGBM (đối chứng),10,0.920 ± 0.003,"[0.918, 0.922]",6.006 ± 0.023,0.0303,,8.38,
GEANT,CatBoost (đối chứng),10,0.915 ± 0.003,"[0.912, 0.917]",5.902 ± 0.019,0.0302,,1.50,
ABILENE,ST-Adaptive-Ensemble v3 (đề xuất),10,1.844 ± 0.007,"[1.839, 1.849]",16.273 ± 0.017,0.0429,1.317,11.18,★
ABILENE,ST-WaveFormer (nhánh học sâu),10,1.972 ± 0.014,"[1.962, 1.982]",16.933 ± 0.022,0.0444,1.454,4.48,
ABILENE,"XGBoost (nhánh học máy 1, champion)",10,2.764 ± 0.014,"[2.754, 2.773]",17.470 ± 0.022,0.0526,1.123,2.26,
ABILENE,LightGBM-Residual (nhánh học máy 2),10,1.855 ± 0.006,"[1.851, 1.859]",16.271 ± 0.017,0.0431,1.334,4.42,
ABILENE,LightGBM (đối chứng),10,2.922 ± 0.036,"[2.896, 2.948]",17.654 ± 0.045,0.0541,,4.45,
ABILENE,CatBoost (đối chứng),10,2.720 ± 0.035,"[2.696, 2.745]",17.493 ± 0.058,0.0522,,1.34,
