Dataset,So sánh,Runs,ΔMSE TB (x10^-3),t (ghép cặp),p (t-test),DM stat TB,Số run DM<0 & p<0.05
SDN,Ensemble vs ST-WaveFormer (nhánh học sâu),10,-11.05460649621575,-132.4115239320759,4.0609440528110196e-16,-133.25260746564007,10/10
SDN,"Ensemble vs XGBoost (nhánh học máy 1, champion)",10,-1.4904476375717004,-150.16850367246414,1.3090379010922896e-16,-64.960572658375,10/10
SDN,Ensemble vs LightGBM-Residual (nhánh học máy 2),10,-0.7150730389999599,-101.13385326809112,4.583942681855937e-15,-73.45343126157982,10/10
SDN,Ensemble vs LightGBM (đối chứng),10,-1.76089641013437,-6.609282374909742,9.822108816958828e-05,,
SDN,Ensemble vs CatBoost (đối chứng),10,-4.406419965737021,-568.6317076719375,8.191090494751265e-22,,
GEANT,Ensemble vs ST-WaveFormer (nhánh học sâu),10,-0.013737659483090007,-17.357462946708942,3.1563707497184544e-08,-1.7333113166466414,2/10
GEANT,"Ensemble vs XGBoost (nhánh học máy 1, champion)",10,-0.19222215306585,-155.73845238667934,9.432981928465741e-17,-1.3560255751653354,0/10
GEANT,Ensemble vs LightGBM-Residual (nhánh học máy 2),10,-0.028294528375950014,-23.755466839080007,1.980999668464163e-09,-1.3860663510743927,0/10
GEANT,Ensemble vs LightGBM (đối chứng),10,-0.19690741809635998,-156.05562597772928,9.261887467282744e-17,,
GEANT,Ensemble vs CatBoost (đối chứng),10,-0.19155532057636998,-110.15696524440442,2.125425703309742e-15,,
ABILENE,Ensemble vs ST-WaveFormer (nhánh học sâu),10,-0.12782484623256998,-26.04539837495844,8.747284717891702e-10,-8.44622378922932,10/10
ABILENE,"Ensemble vs XGBoost (nhánh học máy 1, champion)",10,-0.91941098982443,-226.57733501362694,3.2330409902481412e-18,-3.3480146686298426,10/10
ABILENE,Ensemble vs LightGBM-Residual (nhánh học máy 2),10,-0.011250090552599986,-6.326488588186361,0.0001366233149015208,-5.228054420323346,10/10
ABILENE,Ensemble vs LightGBM (đối chứng),10,-1.07772971377161,-95.00592901410755,8.041624748140805e-15,,
ABILENE,Ensemble vs CatBoost (đối chứng),10,-0.8761000028426998,-69.3988378502733,1.3532688143380548e-13,,
